Device        : MTT S4000 (sm_22)
SMs           : 56
Max thr/SM    : 6144
Shared/SM     : 73728 bytes
L2            : 24.0 MiB
SM clock      : 1.60 GHz
Mem clock/bus : 8.01 GHz / 256 bit
D2D memcpy ceiling      :    691.1 GB/s (1.554 ms for 512 MiB copy)
Theoretical DRAM bandwidth:    512.8 GB/s
unknown mode 'roof'
    rows    dim dtype kern  acc     tpr  rpb     grid  block        ms      GB/s    %peak
   65536     64 f16   reg   native     8    1    65536      8    0.3190      52.6    10.3%
   65536     64 f16   reg   native     8    2    32768     16    0.1702      98.6    19.2%
   65536     64 f16   reg   native     8    4    16384     32    0.0962     174.4    34.0%
   65536     64 f16   reg   native     8    8     8192     64    0.0649     258.7    50.4%
   65536     64 f16   reg   native     8   16     4096    128    0.0535     313.7    61.2%
   65536     64 f16   reg   native     8   32     2048    256    0.0552     304.0    59.3%
   65536     64 f16   reg   native    16    1    65536     16    0.2399      69.9    13.6%
   65536     64 f16   reg   native    16    2    32768     32    0.1296     129.4    25.2%
   65536     64 f16   reg   native    16    4    16384     64    0.0798     210.1    41.0%
   65536     64 f16   reg   native    16    8     8192    128    0.0623     269.3    52.5%
   65536     64 f16   reg   native    16   16     4096    256    0.0635     264.4    51.6%
   65536     64 f16   reg   native    16   32     2048    512    0.0641     261.7    51.0%
   65536     64 f16   reg   native    32    1    65536     32    0.1931      86.9    16.9%
   65536     64 f16   reg   native    32    2    32768     64    0.1140     147.2    28.7%
   65536     64 f16   reg   native    32    4    16384    128    0.0860     195.2    38.1%
   65536     64 f16   reg   native    32    8     8192    256    0.0863     194.4    37.9%
   65536     64 f16   reg   native    32   16     4096    512    0.0866     193.8    37.8%
   65536     64 f16   reg   native    32   32     2048   1024    0.0873     192.2    37.5%
   65536    128 f16   reg   native     8    1    65536      8    0.5353      62.7    12.2%
   65536    128 f16   reg   native     8    2    32768     16    0.2860     117.3    22.9%
   65536    128 f16   reg   native     8    4    16384     32    0.1626     206.4    40.2%
   65536    128 f16   reg   native     8    8     8192     64    0.1088     308.4    60.1%
   65536    128 f16   reg   native     8   16     4096    128    0.0994     337.4    65.8%
   65536    128 f16   reg   native     8   32     2048    256    0.1014     331.0    64.6%
   65536    128 f16   reg   native    16    1    65536     16    0.3664      91.6    17.9%
   65536    128 f16   reg   native    16    2    32768     32    0.1982     169.3    33.0%
   65536    128 f16   reg   native    16    4    16384     64    0.1232     272.3    53.1%
   65536    128 f16   reg   native    16    8     8192    128    0.0972     345.2    67.3%
   65536    128 f16   reg   native    16   16     4096    256    0.0983     341.4    66.6%
   65536    128 f16   reg   native    16   32     2048    512    0.0994     337.5    65.8%
   65536    128 f16   reg   native    32    1    65536     32    0.2671     125.6    24.5%
   65536    128 f16   reg   native    32    2    32768     64    0.1588     211.4    41.2%
   65536    128 f16   reg   native    32    4    16384    128    0.1186     283.0    55.2%
   65536    128 f16   reg   native    32    8     8192    256    0.1188     282.4    55.1%
   65536    128 f16   reg   native    32   16     4096    512    0.1193     281.2    54.8%
   65536    128 f16   reg   native    32   32     2048   1024    0.1204     278.8    54.4%
   65536    256 f16   reg   native     8    1    65536      8    1.1409      58.8    11.5%
   65536    256 f16   reg   native     8    2    32768     16    0.5945     112.9    22.0%
   65536    256 f16   reg   native     8    4    16384     32    0.3226     208.0    40.6%
   65536    256 f16   reg   native     8    8     8192     64    0.1986     338.0    65.9%
   65536    256 f16   reg   native     8   16     4096    128    0.2146     312.7    61.0%
   65536    256 f16   reg   native     8   32     2048    256    0.2148     312.5    60.9%
   65536    256 f16   reg   native    16    1    65536     16    0.6176     108.7    21.2%
   65536    256 f16   reg   native    16    2    32768     32    0.3283     204.4    39.9%
   65536    256 f16   reg   native    16    4    16384     64    0.1990     337.3    65.8%
   65536    256 f16   reg   native    16    8     8192    128    0.1582     424.2    82.7%
   65536    256 f16   reg   native    16   16     4096    256    0.1632     411.3    80.2%
   65536    256 f16   reg   native    16   32     2048    512    0.1667     402.5    78.5%
   65536    256 f16   reg   native    32    1    65536     32    0.4095     163.9    32.0%
   65536    256 f16   reg   native    32    2    32768     64    0.2390     280.8    54.8%
   65536    256 f16   reg   native    32    4    16384    128    0.1765     380.3    74.2%
   65536    256 f16   reg   native    32    8     8192    256    0.1784     376.2    73.4%
   65536    256 f16   reg   native    32   16     4096    512    0.1800     372.8    72.7%
   65536    256 f16   reg   native    32   32     2048   1024    0.1816     369.5    72.1%
   65536    512 f16   reg   native     8    1    65536      8    0.7033     190.8    37.2%
   65536    512 f16   reg   native     8    2    32768     16    0.4033     332.8    64.9%
   65536    512 f16   reg   native     8    4    16384     32    0.2931     457.9    89.3%
   65536    512 f16   reg   native     8    8     8192     64    0.2975     451.2    88.0%
   65536    512 f16   reg   native     8   16     4096    128    0.3028     443.3    86.5%
   65536    512 f16   reg   native     8   32     2048    256    0.3062     438.3    85.5%
   65536    512 f16   reg   native    16    1    65536     16    1.3399     100.2    19.5%
   65536    512 f16   reg   native    16    2    32768     32    0.6940     193.4    37.7%
   65536    512 f16   reg   native    16    4    16384     64    0.3913     343.0    66.9%
   65536    512 f16   reg   native    16    8     8192    128    0.3287     408.3    79.6%
   65536    512 f16   reg   native    16   16     4096    256    0.3384     396.6    77.4%
   65536    512 f16   reg   native    16   32     2048    512    0.3384     396.6    77.3%
   65536    512 f16   reg   native    32    1    65536     32    0.7032     190.9    37.2%
   65536    512 f16   reg   native    32    2    32768     64    0.4032     332.9    64.9%
   65536    512 f16   reg   native    32    4    16384    128    0.2927     458.5    89.4%
   65536    512 f16   reg   native    32    8     8192    256    0.2972     451.5    88.1%
   65536    512 f16   reg   native    32   16     4096    512    0.3026     443.6    86.5%
   65536    512 f16   reg   native    32   32     2048   1024    0.3054     439.5    85.7%
   65536   1024 f16   reg   native     8    1    65536      8    1.4723     182.3    35.6%
   65536   1024 f16   reg   native     8    2    32768     16    0.8033     334.2    65.2%
   65536   1024 f16   reg   native     8    4    16384     32    0.5423     495.0    96.5%
   65536   1024 f16   reg   native     8    8     8192     64    0.5503     487.8    95.1%
   65536   1024 f16   reg   native     8   16     4096    128    0.5589     480.3    93.7%
   65536   1024 f16   reg   native     8   32     2048    256    0.5716     469.6    91.6%
   65536   1024 f16   reg   native    16    1    65536     16    1.4728     182.3    35.5%
   65536   1024 f16   reg   native    16    2    32768     32    0.8031     334.3    65.2%
   65536   1024 f16   reg   native    16    4    16384     64    0.5421     495.1    96.6%
   65536   1024 f16   reg   native    16    8     8192    128    0.5502     487.9    95.1%
   65536   1024 f16   reg   native    16   16     4096    256    0.5594     479.9    93.6%
   65536   1024 f16   reg   native    16   32     2048    512    0.5716     469.6    91.6%
   65536   1024 f16   reg   native    32    1    65536     32    1.4728     182.3    35.5%
   65536   1024 f16   reg   native    32    2    32768     64    0.8034     334.1    65.2%
   65536   1024 f16   reg   native    32    4    16384    128    0.5424     494.9    96.5%
   65536   1024 f16   reg   native    32    8     8192    256    0.5506     487.5    95.1%
   65536   1024 f16   reg   native    32   16     4096    512    0.5592     480.0    93.6%
   65536   1024 f16   reg   native    32   32     2048   1024    0.5713     469.9    91.6%

best configuration per dim:
    rows    dim dtype kern  acc      tpr  rpb     grid  block        ms      GB/s    %peak
   65536     64 f16   reg   native     8   16     4096    128    0.0535     313.7    61.2%
   65536    128 f16   reg   native    16    8     8192    128    0.0972     345.2    67.3%
   65536    256 f16   reg   native    16    8     8192    128    0.1582     424.2    82.7%
   65536    512 f16   reg   native    32    4    16384    128    0.2927     458.5    89.4%
   65536   1024 f16   reg   native    16    4    16384     64    0.5421     495.1    96.6%
wrote data/musa/tune.csv
    rows    dim dtype kern  acc      tpr  rpb     grid  block        ms      GB/s    %peak
    1024     64 f16   reg   native     8    1     1024      8    0.0242      10.8     2.1%
    1024     64 f16   reg   native     8    4      256     32    0.0229      11.4     2.2%
    1024     64 f16   reg   native     8   16       64    128    0.0231      11.3     2.2%
    1024     64 f16   reg   native    16    1     1024     16    0.0216      12.2     2.4%
    1024     64 f16   reg   native    16    4      256     64    0.0211      12.4     2.4%
    1024     64 f16   reg   native    16   16       64    256    0.0212      12.4     2.4%
    1024     64 f16   reg   native    32    1     1024     32    0.0204      12.9     2.5%
    1024     64 f16   reg   native    32    4      256    128    0.0202      13.0     2.5%
    1024     64 f16   reg   native    32   16       64    512    0.0199      13.1     2.6%
    1024     64 bf16  reg   native     8    1     1024      8    0.0269       9.7     1.9%
    1024     64 bf16  reg   native     8    4      256     32    0.0257      10.2     2.0%
    1024     64 bf16  reg   native     8   16       64    128    0.0258      10.2     2.0%
    1024     64 bf16  reg   native    16    1     1024     16    0.0238      11.0     2.2%
    1024     64 bf16  reg   native    16    4      256     64    0.0229      11.4     2.2%
    1024     64 bf16  reg   native    16   16       64    256    0.0230      11.4     2.2%
    1024     64 bf16  reg   native    32    1     1024     32    0.0218      12.0     2.3%
    1024     64 bf16  reg   native    32    4      256    128    0.0214      12.2     2.4%
    1024     64 bf16  reg   native    32   16       64    512    0.0212      12.3     2.4%
    4096     64 f16   reg   native     8    1     4096      8    0.0376      27.9     5.4%
    4096     64 f16   reg   native     8    4     1024     32    0.0245      42.8     8.3%
    4096     64 f16   reg   native     8   16      256    128    0.0238      44.0     8.6%
    4096     64 f16   reg   native    16    1     4096     16    0.0319      32.8     6.4%
    4096     64 f16   reg   native    16    4     1024     64    0.0222      47.2     9.2%
    4096     64 f16   reg   native    16   16      256    256    0.0220      47.8     9.3%
    4096     64 f16   reg   native    32    1     4096     32    0.0284      37.0     7.2%
    4096     64 f16   reg   native    32    4     1024    128    0.0215      48.8     9.5%
    4096     64 f16   reg   native    32   16      256    512    0.0215      48.9     9.5%
    4096     64 bf16  reg   native     8    1     4096      8    0.0402      26.1     5.1%
    4096     64 bf16  reg   native     8    4     1024     32    0.0275      38.1     7.4%
    4096     64 bf16  reg   native     8   16      256    128    0.0266      39.4     7.7%
    4096     64 bf16  reg   native    16    1     4096     16    0.0325      32.3     6.3%
    4096     64 bf16  reg   native    16    4     1024     64    0.0246      42.6     8.3%
    4096     64 bf16  reg   native    16   16      256    256    0.0240      43.7     8.5%
    4096     64 bf16  reg   native    32    1     4096     32    0.0290      36.2     7.1%
    4096     64 bf16  reg   native    32    4     1024    128    0.0229      45.7     8.9%
    4096     64 bf16  reg   native    32   16      256    512    0.0229      45.8     8.9%
   16384     64 f16   reg   native     8    1    16384      8    0.0946      44.3     8.6%
   16384     64 f16   reg   native     8    4     4096     32    0.0400     104.9    20.5%
   16384     64 f16   reg   native     8   16     1024    128    0.0288     145.8    28.4%
   16384     64 f16   reg   native    16    1    16384     16    0.0737      56.9    11.1%
   16384     64 f16   reg   native    16    4     4096     64    0.0361     116.3    22.7%
   16384     64 f16   reg   native    16   16     1024    256    0.0292     143.4    28.0%
   16384     64 f16   reg   native    32    1    16384     32    0.0622      67.5    13.2%
   16384     64 f16   reg   native    32    4     4096    128    0.0362     115.9    22.6%
   16384     64 f16   reg   native    32   16     1024    512    0.0360     116.5    22.7%
   16384     64 bf16  reg   native     8    1    16384      8    0.0895      46.8     9.1%
   16384     64 bf16  reg   native     8    4     4096     32    0.0422      99.4    19.4%
   16384     64 bf16  reg   native     8   16     1024    128    0.0317     132.3    25.8%
   16384     64 bf16  reg   native    16    1    16384     16    0.0689      60.9    11.9%
   16384     64 bf16  reg   native    16    4     4096     64    0.0349     120.2    23.4%
   16384     64 bf16  reg   native    16   16     1024    256    0.0304     138.2    26.9%
   16384     64 bf16  reg   native    32    1    16384     32    0.0602      69.7    13.6%
   16384     64 bf16  reg   native    32    4     4096    128    0.0345     121.7    23.7%
   16384     64 bf16  reg   native    32   16     1024    512    0.0348     120.4    23.5%
   65536     64 f16   reg   native     8    1    65536      8    0.3192      52.6    10.3%
   65536     64 f16   reg   native     8    4    16384     32    0.0962     174.4    34.0%
   65536     64 f16   reg   native     8   16     4096    128    0.0532     315.4    61.5%
   65536     64 f16   reg   native    16    1    65536     16    0.2397      70.0    13.6%
   65536     64 f16   reg   native    16    4    16384     64    0.0800     209.7    40.9%
   65536     64 f16   reg   native    16   16     4096    256    0.0634     264.7    51.6%
   65536     64 f16   reg   native    32    1    65536     32    0.1930      86.9    17.0%
   65536     64 f16   reg   native    32    4    16384    128    0.0859     195.3    38.1%
   65536     64 f16   reg   native    32   16     4096    512    0.0865     193.9    37.8%
   65536     64 bf16  reg   native     8    1    65536      8    0.2839      59.1    11.5%
   65536     64 bf16  reg   native     8    4    16384     32    0.0908     184.8    36.0%
   65536     64 bf16  reg   native     8   16     4096    128    0.0526     318.7    62.2%
   65536     64 bf16  reg   native    16    1    65536     16    0.2113      79.4    15.5%
   65536     64 bf16  reg   native    16    4    16384     64    0.0737     227.6    44.4%
   65536     64 bf16  reg   native    16   16     4096    256    0.0598     280.6    54.7%
   65536     64 bf16  reg   native    32    1    65536     32    0.1801      93.1    18.2%
   65536     64 bf16  reg   native    32    4    16384    128    0.0807     207.9    40.5%
   65536     64 bf16  reg   native    32   16     4096    512    0.0813     206.4    40.3%
  262144     64 f16   reg   native     8    1   262144      8    1.2149      55.2    10.8%
  262144     64 f16   reg   native     8    4    65536     32    0.3253     206.3    40.2%
  262144     64 f16   reg   native     8   16    16384    128    0.1436     467.5    91.2%
  262144     64 f16   reg   native    16    1   262144     16    0.8991      74.6    14.6%
  262144     64 f16   reg   native    16    4    65536     64    0.2650     253.3    49.4%
  262144     64 f16   reg   native    16   16    16384    256    0.1937     346.5    67.6%
  262144     64 f16   reg   native    32    1   262144     32    0.7139      94.0    18.3%
  262144     64 f16   reg   native    32    4    65536    128    0.2898     231.6    45.2%
  262144     64 f16   reg   native    32   16    16384    512    0.2893     232.0    45.2%
  262144     64 bf16  reg   native     8    1   262144      8    1.0607      63.3    12.3%
  262144     64 bf16  reg   native     8    4    65536     32    0.2920     229.8    44.8%
  262144     64 bf16  reg   native     8   16    16384    128    0.1340     501.0    97.7%
  262144     64 bf16  reg   native    16    1   262144     16    0.7798      86.1    16.8%
  262144     64 bf16  reg   native    16    4    65536     64    0.2327     288.4    56.2%
  262144     64 bf16  reg   native    16   16    16384    256    0.1739     385.9    75.3%
  262144     64 bf16  reg   native    32    1   262144     32    0.6557     102.3    20.0%
  262144     64 bf16  reg   native    32    4    65536    128    0.2690     249.5    48.7%
  262144     64 bf16  reg   native    32   16    16384    512    0.2688     249.7    48.7%
    1024    128 f16   reg   native     8    1     1024      8    0.0301      17.4     3.4%
    1024    128 f16   reg   native     8    4      256     32    0.0281      18.6     3.6%
    1024    128 f16   reg   native     8   16       64    128    0.0284      18.5     3.6%
    1024    128 f16   reg   native    16    1     1024     16    0.0253      20.7     4.0%
    1024    128 f16   reg   native    16    4      256     64    0.0241      21.7     4.2%
    1024    128 f16   reg   native    16   16       64    256    0.0244      21.5     4.2%
    1024    128 f16   reg   native    32    1     1024     32    0.0226      23.2     4.5%
    1024    128 f16   reg   native    32    4      256    128    0.0221      23.7     4.6%
    1024    128 f16   reg   native    32   16       64    512    0.0222      23.7     4.6%
    1024    128 bf16  reg   native     8    1     1024      8    0.0363      14.4     2.8%
    1024    128 bf16  reg   native     8    4      256     32    0.0340      15.4     3.0%
    1024    128 bf16  reg   native     8   16       64    128    0.0342      15.3     3.0%
    1024    128 bf16  reg   native    16    1     1024     16    0.0287      18.3     3.6%
    1024    128 bf16  reg   native    16    4      256     64    0.0274      19.1     3.7%
    1024    128 bf16  reg   native    16   16       64    256    0.0275      19.1     3.7%
    1024    128 bf16  reg   native    32    1     1024     32    0.0244      21.5     4.2%
    1024    128 bf16  reg   native    32    4      256    128    0.0241      21.8     4.2%
    1024    128 bf16  reg   native    32   16       64    512    0.0239      21.9     4.3%
    4096    128 f16   reg   native     8    1     4096      8    0.0564      37.2     7.3%
    4096    128 f16   reg   native     8    4     1024     32    0.0315      66.7    13.0%
    4096    128 f16   reg   native     8   16      256    128    0.0304      68.9    13.4%
    4096    128 f16   reg   native    16    1     4096     16    0.0412      50.9     9.9%
    4096    128 f16   reg   native    16    4     1024     64    0.0272      77.2    15.1%
    4096    128 f16   reg   native    16   16      256    256    0.0265      79.0    15.4%
    4096    128 f16   reg   native    32    1     4096     32    0.0340      61.6    12.0%
    4096    128 f16   reg   native    32    4     1024    128    0.0254      82.6    16.1%
    4096    128 f16   reg   native    32   16      256    512    0.0252      83.1    16.2%
    4096    128 bf16  reg   native     8    1     4096      8    0.0656      32.0     6.2%
    4096    128 bf16  reg   native     8    4     1024     32    0.0381      55.0    10.7%
    4096    128 bf16  reg   native     8   16      256    128    0.0363      57.7    11.3%
    4096    128 bf16  reg   native    16    1     4096     16    0.0450      46.7     9.1%
    4096    128 bf16  reg   native    16    4     1024     64    0.0303      69.3    13.5%
    4096    128 bf16  reg   native    16   16      256    256    0.0298      70.3    13.7%
    4096    128 bf16  reg   native    32    1     4096     32    0.0348      60.3    11.8%
    4096    128 bf16  reg   native    32    4     1024    128    0.0269      77.9    15.2%
    4096    128 bf16  reg   native    32   16      256    512    0.0268      78.4    15.3%
   16384    128 f16   reg   native     8    1    16384      8    0.1511      55.5    10.8%
   16384    128 f16   reg   native     8    4     4096     32    0.0598     140.4    27.4%
   16384    128 f16   reg   native     8   16     1024    128    0.0437     191.9    37.4%
   16384    128 f16   reg   native    16    1    16384     16    0.1061      79.1    15.4%
   16384    128 f16   reg   native    16    4     4096     64    0.0476     176.3    34.4%
   16384    128 f16   reg   native    16   16     1024    256    0.0403     207.9    40.5%
   16384    128 f16   reg   native    32    1    16384     32    0.0804     104.3    20.3%
   16384    128 f16   reg   native    32    4     4096    128    0.0466     179.9    35.1%
   16384    128 f16   reg   native    32   16     1024    512    0.0455     184.3    35.9%
   16384    128 bf16  reg   native     8    1    16384      8    0.1705      49.2     9.6%
   16384    128 bf16  reg   native     8    4     4096     32    0.0682     122.9    24.0%
   16384    128 bf16  reg   native     8   16     1024    128    0.0503     166.8    32.5%
   16384    128 bf16  reg   native    16    1    16384     16    0.1045      80.3    15.7%
   16384    128 bf16  reg   native    16    4     4096     64    0.0493     170.2    33.2%
   16384    128 bf16  reg   native    16   16     1024    256    0.0429     195.5    38.1%
   16384    128 bf16  reg   native    32    1    16384     32    0.0745     112.7    22.0%
   16384    128 bf16  reg   native    32    4     4096    128    0.0431     194.6    38.0%
   16384    128 bf16  reg   native    32   16     1024    512    0.0433     193.9    37.8%
   65536    128 f16   reg   native     8    1    65536      8    0.5353      62.7    12.2%
   65536    128 f16   reg   native     8    4    16384     32    0.1622     206.9    40.3%
   65536    128 f16   reg   native     8   16     4096    128    0.0996     337.0    65.7%
   65536    128 f16   reg   native    16    1    65536     16    0.3662      91.6    17.9%
   65536    128 f16   reg   native    16    4    16384     64    0.1235     271.7    53.0%
   65536    128 f16   reg   native    16   16     4096    256    0.0986     340.4    66.4%
   65536    128 f16   reg   native    32    1    65536     32    0.2671     125.6    24.5%
   65536    128 f16   reg   native    32    4    16384    128    0.1186     283.0    55.2%
   65536    128 f16   reg   native    32   16     4096    512    0.1193     281.1    54.8%
   65536    128 bf16  reg   native     8    1    65536      8    0.5985      56.1    10.9%
   65536    128 bf16  reg   native     8    4    16384     32    0.1833     183.0    35.7%
   65536    128 bf16  reg   native     8   16     4096    128    0.1049     319.9    62.4%
   65536    128 bf16  reg   native    16    1    65536     16    0.3464      96.9    18.9%
   65536    128 bf16  reg   native    16    4    16384     64    0.1179     284.7    55.5%
   65536    128 bf16  reg   native    16   16     4096    256    0.0948     353.9    69.0%
   65536    128 bf16  reg   native    32    1    65536     32    0.2351     142.7    27.8%
   65536    128 bf16  reg   native    32    4    16384    128    0.1100     305.0    59.5%
   65536    128 bf16  reg   native    32   16     4096    512    0.1102     304.5    59.4%
  262144    128 f16   reg   native     8    1   262144      8    2.0342      66.0    12.9%
  262144    128 f16   reg   native     8    4    65536     32    0.5370     249.9    48.7%
  262144    128 f16   reg   native     8   16    16384    128    0.2552     525.9   102.6%
  262144    128 f16   reg   native    16    1   262144     16    1.3798      97.3    19.0%
  262144    128 f16   reg   native    16    4    65536     64    0.4000     335.6    65.4%
  262144    128 f16   reg   native    16   16    16384    256    0.2877     466.6    91.0%
  262144    128 f16   reg   native    32    1   262144     32    0.9896     135.6    26.4%
  262144    128 f16   reg   native    32    4    65536    128    0.3932     341.3    66.6%
  262144    128 f16   reg   native    32   16    16384    512    0.3932     341.3    66.6%
  262144    128 bf16  reg   native     8    1   262144      8    2.2656      59.2    11.6%
  262144    128 bf16  reg   native     8    4    65536     32    0.5997     223.8    43.6%
  262144    128 bf16  reg   native     8   16    16384    128    0.2548     526.8   102.7%
  262144    128 bf16  reg   native    16    1   262144     16    1.2782     105.0    20.5%
  262144    128 bf16  reg   native    16    4    65536     64    0.3567     376.3    73.4%
  262144    128 bf16  reg   native    16   16    16384    256    0.2518     533.0   103.9%
  262144    128 bf16  reg   native    32    1   262144     32    0.8485     158.2    30.8%
  262144    128 bf16  reg   native    32    4    65536    128    0.3439     390.3    76.1%
  262144    128 bf16  reg   native    32   16    16384    512    0.3437     390.6    76.2%
    1024    256 f16   reg   native     8    1     1024      8    0.0510      20.6     4.0%
    1024    256 f16   reg   native     8    4      256     32    0.0388      27.0     5.3%
    1024    256 f16   reg   native     8   16       64    128    0.0394      26.6     5.2%
    1024    256 f16   reg   native    16    1     1024     16    0.0328      32.0     6.2%
    1024    256 f16   reg   native    16    4      256     64    0.0305      34.4     6.7%
    1024    256 f16   reg   native    16   16       64    256    0.0305      34.4     6.7%
    1024    256 f16   reg   native    32    1     1024     32    0.0269      39.0     7.6%
    1024    256 f16   reg   native    32    4      256    128    0.0260      40.4     7.9%
    1024    256 f16   reg   native    32   16       64    512    0.0258      40.6     7.9%
    1024    256 bf16  reg   native     8    1     1024      8    0.0657      16.0     3.1%
    1024    256 bf16  reg   native     8    4      256     32    0.0518      20.3     4.0%
    1024    256 bf16  reg   native     8   16       64    128    0.0524      20.0     3.9%
    1024    256 bf16  reg   native    16    1     1024     16    0.0395      26.6     5.2%
    1024    256 bf16  reg   native    16    4      256     64    0.0374      28.0     5.5%
    1024    256 bf16  reg   native    16   16       64    256    0.0373      28.1     5.5%
    1024    256 bf16  reg   native    32    1     1024     32    0.0304      34.5     6.7%
    1024    256 bf16  reg   native    32    4      256    128    0.0295      35.5     6.9%
    1024    256 bf16  reg   native    32   16       64    512    0.0292      35.9     7.0%
    4096    256 f16   reg   native     8    1     4096      8    0.1131      37.1     7.2%
    4096    256 f16   reg   native     8    4     1024     32    0.0537      78.1    15.2%
    4096    256 f16   reg   native     8   16      256    128    0.0436      96.2    18.8%
    4096    256 f16   reg   native    16    1     4096     16    0.0638      65.7    12.8%
    4096    256 f16   reg   native    16    4     1024     64    0.0406     103.2    20.1%
    4096    256 f16   reg   native    16   16      256    256    0.0354     118.4    23.1%
    4096    256 f16   reg   native    32    1     4096     32    0.0465      90.1    17.6%
    4096    256 f16   reg   native    32    4     1024    128    0.0317     132.5    25.8%
    4096    256 f16   reg   native    32   16      256    512    0.0315     133.2    26.0%
    4096    256 bf16  reg   native     8    1     4096      8    0.1409      29.8     5.8%
    4096    256 bf16  reg   native     8    4     1024     32    0.0689      60.9    11.9%
    4096    256 bf16  reg   native     8   16      256    128    0.0565      74.2    14.5%
    4096    256 bf16  reg   native    16    1     4096     16    0.0732      57.3    11.2%
    4096    256 bf16  reg   native    16    4     1024     64    0.0485      86.4    16.9%
    4096    256 bf16  reg   native    16   16      256    256    0.0417     100.6    19.6%
    4096    256 bf16  reg   native    32    1     4096     32    0.0500      83.8    16.3%
    4096    256 bf16  reg   native    32    4     1024    128    0.0346     121.3    23.7%
    4096    256 bf16  reg   native    32   16      256    512    0.0347     120.7    23.5%
   16384    256 f16   reg   native     8    1    16384      8    0.3134      53.5    10.4%
   16384    256 f16   reg   native     8    4     4096     32    0.1150     145.9    28.5%
   16384    256 f16   reg   native     8   16     1024    128    0.0718     233.6    45.6%
   16384    256 f16   reg   native    16    1    16384     16    0.1732      96.9    18.9%
   16384    256 f16   reg   native    16    4     4096     64    0.0740     226.7    44.2%
   16384    256 f16   reg   native    16   16     1024    256    0.0669     250.9    48.9%
   16384    256 f16   reg   native    32    1    16384     32    0.1179     142.3    27.8%
   16384    256 f16   reg   native    32    4     4096    128    0.0623     269.5    52.6%
   16384    256 f16   reg   native    32   16     1024    512    0.0653     256.9    50.1%
   16384    256 bf16  reg   native     8    1    16384      8    0.4033      41.6     8.1%
   16384    256 bf16  reg   native     8    4     4096     32    0.1499     111.9    21.8%
   16384    256 bf16  reg   native     8   16     1024    128    0.0846     198.3    38.7%
   16384    256 bf16  reg   native    16    1    16384     16    0.1958      85.7    16.7%
   16384    256 bf16  reg   native    16    4     4096     64    0.0807     207.9    40.5%
   16384    256 bf16  reg   native    16   16     1024    256    0.0704     238.5    46.5%
   16384    256 bf16  reg   native    32    1    16384     32    0.1189     141.1    27.5%
   16384    256 bf16  reg   native    32    4     4096    128    0.0621     270.0    52.7%
   16384    256 bf16  reg   native    32   16     1024    512    0.0633     265.1    51.7%
   65536    256 f16   reg   native     8    1    65536      8    1.1407      58.8    11.5%
   65536    256 f16   reg   native     8    4    16384     32    0.3225     208.1    40.6%
   65536    256 f16   reg   native     8   16     4096    128    0.2139     313.7    61.2%
   65536    256 f16   reg   native    16    1    65536     16    0.6182     108.6    21.2%
   65536    256 f16   reg   native    16    4    16384     64    0.1993     336.8    65.7%
   65536    256 f16   reg   native    16   16     4096    256    0.1631     411.4    80.2%
   65536    256 f16   reg   native    32    1    65536     32    0.4090     164.1    32.0%
   65536    256 f16   reg   native    32    4    16384    128    0.1763     380.6    74.2%
   65536    256 f16   reg   native    32   16     4096    512    0.1793     374.3    73.0%
   65536    256 bf16  reg   native     8    1    65536      8    1.4633      45.9     8.9%
   65536    256 bf16  reg   native     8    4    16384     32    0.4049     165.7    32.3%
   65536    256 bf16  reg   native     8   16     4096    128    0.2066     324.8    63.3%
   65536    256 bf16  reg   native    16    1    65536     16    0.6969      96.3    18.8%
   65536    256 bf16  reg   native    16    4    16384     64    0.2176     308.5    60.2%
   65536    256 bf16  reg   native    16   16     4096    256    0.1627     412.4    80.4%
   65536    256 bf16  reg   native    32    1    65536     32    0.4026     166.7    32.5%
   65536    256 bf16  reg   native    32    4    16384    128    0.1593     421.3    82.2%
   65536    256 bf16  reg   native    32   16     4096    512    0.1594     421.0    82.1%
  262144    256 f16   reg   native     8    1   262144      8    4.3912      61.1    11.9%
  262144    256 f16   reg   native     8    4    65536     32    1.1271     238.2    46.4%
  262144    256 f16   reg   native     8   16    16384    128    0.6858     391.4    76.3%
  262144    256 f16   reg   native    16    1   262144     16    2.3593     113.8    22.2%
  262144    256 f16   reg   native    16    4    65536     64    0.6734     398.6    77.7%
  262144    256 f16   reg   native    16   16    16384    256    0.4786     560.9   109.4%
  262144    256 f16   reg   native    32    1   262144     32    1.5457     173.7    33.9%
  262144    256 f16   reg   native    32    4    65536    128    0.6005     447.0    87.2%
  262144    256 f16   reg   native    32   16    16384    512    0.6035     444.8    86.7%
  262144    256 bf16  reg   native     8    1   262144      8    5.6180      47.8     9.3%
  262144    256 bf16  reg   native     8    4    65536     32    1.3890     193.3    37.7%
  262144    256 bf16  reg   native     8   16    16384    128    0.5695     471.3    91.9%
  262144    256 bf16  reg   native    16    1   262144     16    2.6499     101.3    19.8%
  262144    256 bf16  reg   native    16    4    65536     64    0.7147     375.6    73.2%
  262144    256 bf16  reg   native    16   16    16384    256    0.4565     588.1   114.7%
  262144    256 bf16  reg   native    32    1   262144     32    1.4997     179.0    34.9%
  262144    256 bf16  reg   native    32    4    65536    128    0.5122     524.1   102.2%
  262144    256 bf16  reg   native    32   16    16384    512    0.5132     523.1   102.0%
    1024    512 f16   reg   native     8    1     1024      8    0.0363      57.7    11.3%
    1024    512 f16   reg   native     8    4      256     32    0.0339      61.8    12.0%
    1024    512 f16   reg   native     8   16       64    128    0.0339      61.9    12.1%
    1024    512 f16   reg   native    16    1     1024     16    0.0582      36.1     7.0%
    1024    512 f16   reg   native    16    4      256     64    0.0436      48.1     9.4%
    1024    512 f16   reg   native    16   16       64    256    0.0439      47.7     9.3%
    1024    512 f16   reg   native    32    1     1024     32    0.0361      58.1    11.3%
    1024    512 f16   reg   native    32    4      256    128    0.0338      62.0    12.1%
    1024    512 f16   reg   native    32   16       64    512    0.0338      62.1    12.1%
    1024    512 bf16  reg   native     8    1     1024      8    0.0490      42.8     8.4%
    1024    512 bf16  reg   native     8    4      256     32    0.0412      51.0     9.9%
    1024    512 bf16  reg   native     8   16       64    128    0.0412      50.9     9.9%
    1024    512 bf16  reg   native    16    1     1024     16    0.0733      28.6     5.6%
    1024    512 bf16  reg   native    16    4      256     64    0.0585      35.9     7.0%
    1024    512 bf16  reg   native    16   16       64    256    0.0589      35.6     6.9%
    1024    512 bf16  reg   native    32    1     1024     32    0.0490      42.8     8.4%
    1024    512 bf16  reg   native    32    4      256    128    0.0412      50.9     9.9%
    1024    512 bf16  reg   native    32   16       64    512    0.0413      50.8     9.9%
    4096    512 f16   reg   native     8    1     4096      8    0.0727     115.4    22.5%
    4096    512 f16   reg   native     8    4     1024     32    0.0512     164.0    32.0%
    4096    512 f16   reg   native     8   16      256    128    0.0506     165.7    32.3%
    4096    512 f16   reg   native    16    1     4096     16    0.1304      64.3    12.5%
    4096    512 f16   reg   native    16    4     1024     64    0.0642     130.6    25.5%
    4096    512 f16   reg   native    16   16      256    256    0.0549     152.8    29.8%
    4096    512 f16   reg   native    32    1     4096     32    0.0726     115.5    22.5%
    4096    512 f16   reg   native    32    4     1024    128    0.0512     163.8    31.9%
    4096    512 f16   reg   native    32   16      256    512    0.0504     166.5    32.5%
    4096    512 bf16  reg   native     8    1     4096      8    0.0830     101.0    19.7%
    4096    512 bf16  reg   native     8    4     1024     32    0.0574     146.2    28.5%
    4096    512 bf16  reg   native     8   16      256    128    0.0575     145.8    28.4%
    4096    512 bf16  reg   native    16    1     4096     16    0.1603      52.3    10.2%
    4096    512 bf16  reg   native    16    4     1024     64    0.0866      96.8    18.9%
    4096    512 bf16  reg   native    16   16      256    256    0.0678     123.7    24.1%
    4096    512 bf16  reg   native    32    1     4096     32    0.0829     101.2    19.7%
    4096    512 bf16  reg   native    32    4     1024    128    0.0575     145.8    28.4%
    4096    512 bf16  reg   native    32   16      256    512    0.0576     145.6    28.4%
   16384    512 f16   reg   native     8    1    16384      8    0.2065     162.5    31.7%
   16384    512 f16   reg   native     8    4     4096     32    0.1148     292.2    57.0%
   16384    512 f16   reg   native     8   16     1024    128    0.1227     273.5    53.3%
   16384    512 f16   reg   native    16    1    16384     16    0.3837      87.4    17.1%
   16384    512 f16   reg   native    16    4     4096     64    0.1487     225.7    44.0%
   16384    512 f16   reg   native    16   16     1024    256    0.1459     230.0    44.9%
   16384    512 f16   reg   native    32    1    16384     32    0.2065     162.5    31.7%
   16384    512 f16   reg   native    32    4     4096    128    0.1149     292.1    57.0%
   16384    512 f16   reg   native    32   16     1024    512    0.1230     272.8    53.2%
   16384    512 bf16  reg   native     8    1    16384      8    0.2355     142.5    27.8%
   16384    512 bf16  reg   native     8    4     4096     32    0.1170     286.9    56.0%
   16384    512 bf16  reg   native     8   16     1024    128    0.1232     272.4    53.1%
   16384    512 bf16  reg   native    16    1    16384     16    0.4830      69.5    13.5%
   16384    512 bf16  reg   native    16    4     4096     64    0.1869     179.5    35.0%
   16384    512 bf16  reg   native    16   16     1024    256    0.1736     193.3    37.7%
   16384    512 bf16  reg   native    32    1    16384     32    0.2353     142.6    27.8%
   16384    512 bf16  reg   native    32    4     4096    128    0.1172     286.4    55.8%
   16384    512 bf16  reg   native    32   16     1024    512    0.1225     274.0    53.4%
   65536    512 f16   reg   native     8    1    65536      8    0.7033     190.8    37.2%
   65536    512 f16   reg   native     8    4    16384     32    0.2926     458.7    89.5%
   65536    512 f16   reg   native     8   16     4096    128    0.3025     443.7    86.5%
   65536    512 f16   reg   native    16    1    65536     16    1.3406     100.1    19.5%
   65536    512 f16   reg   native    16    4    16384     64    0.3922     342.2    66.7%
   65536    512 f16   reg   native    16   16     4096    256    0.3387     396.3    77.3%
   65536    512 f16   reg   native    32    1    65536     32    0.7036     190.8    37.2%
   65536    512 f16   reg   native    32    4    16384    128    0.2927     458.6    89.4%
   65536    512 f16   reg   native    32   16     4096    512    0.3023     444.1    86.6%
   65536    512 bf16  reg   native     8    1    65536      8    0.7879     170.3    33.2%
   65536    512 bf16  reg   native     8    4    16384     32    0.2727     492.1    96.0%
   65536    512 bf16  reg   native     8   16     4096    128    0.2772     484.2    94.4%
   65536    512 bf16  reg   native    16    1    65536     16    1.6589      80.9    15.8%
   65536    512 bf16  reg   native    16    4    16384     64    0.4593     292.2    57.0%
   65536    512 bf16  reg   native    16   16     4096    256    0.3307     405.9    79.2%
   65536    512 bf16  reg   native    32    1    65536     32    0.7879     170.4    33.2%
   65536    512 bf16  reg   native    32    4    16384    128    0.2726     492.3    96.0%
   65536    512 bf16  reg   native    32   16     4096    512    0.2775     483.6    94.3%
  262144    512 f16   reg   native     8    1   262144      8    2.6899     199.6    38.9%
  262144    512 f16   reg   native     8    4    65536     32    1.0213     525.7   102.5%
  262144    512 f16   reg   native     8   16    16384    128    1.0243     524.1   102.2%
  262144    512 f16   reg   native    16    1   262144     16    5.1515     104.2    20.3%
  262144    512 f16   reg   native    16    4    65536     64    1.3747     390.5    76.2%
  262144    512 f16   reg   native    16   16    16384    256    1.1110     483.2    94.2%
  262144    512 f16   reg   native    32    1   262144     32    2.6899     199.6    38.9%
  262144    512 f16   reg   native    32    4    65536    128    1.0216     525.5   102.5%
  262144    512 f16   reg   native    32   16    16384    512    1.0241     524.2   102.2%
  262144    512 bf16  reg   native     8    1   262144      8    2.9933     179.4    35.0%
  262144    512 bf16  reg   native     8    4    65536     32    0.8994     596.9   116.4%
  262144    512 bf16  reg   native     8   16    16384    128    0.9009     595.9   116.2%
  262144    512 bf16  reg   native    16    1   262144     16    6.3635      84.4    16.5%
  262144    512 bf16  reg   native    16    4    65536     64    1.5614     343.8    67.1%
  262144    512 bf16  reg   native    16   16    16384    256    0.9927     540.8   105.5%
  262144    512 bf16  reg   native    32    1   262144     32    2.9934     179.4    35.0%
  262144    512 bf16  reg   native    32    4    65536    128    0.8995     596.8   116.4%
  262144    512 bf16  reg   native    32   16    16384    512    0.9011     595.8   116.2%
    1024   1024 f16   reg   native     8    1     1024      8    0.0653      64.2    12.5%
    1024   1024 f16   reg   native     8    4      256     32    0.0504      83.2    16.2%
    1024   1024 f16   reg   native     8   16       64    128    0.0507      82.7    16.1%
    1024   1024 f16   reg   native    16    1     1024     16    0.0651      64.4    12.6%
    1024   1024 f16   reg   native    16    4      256     64    0.0503      83.4    16.3%
    1024   1024 f16   reg   native    16   16       64    256    0.0506      82.9    16.2%
    1024   1024 f16   reg   native    32    1     1024     32    0.0651      64.4    12.6%
    1024   1024 f16   reg   native    32    4      256    128    0.0503      83.3    16.2%
    1024   1024 f16   reg   native    32   16       64    512    0.0506      82.9    16.2%
    1024   1024 bf16  reg   native     8    1     1024      8    0.0837      50.1     9.8%
    1024   1024 bf16  reg   native     8    4      256     32    0.0673      62.4    12.2%
    1024   1024 bf16  reg   native     8   16       64    128    0.0675      62.1    12.1%
    1024   1024 bf16  reg   native    16    1     1024     16    0.0836      50.2     9.8%
    1024   1024 bf16  reg   native    16    4      256     64    0.0674      62.3    12.1%
    1024   1024 bf16  reg   native    16   16       64    256    0.0676      62.1    12.1%
    1024   1024 bf16  reg   native    32    1     1024     32    0.0837      50.1     9.8%
    1024   1024 bf16  reg   native    32    4      256    128    0.0673      62.3    12.2%
    1024   1024 bf16  reg   native    32   16       64    512    0.0673      62.3    12.1%
    4096   1024 f16   reg   native     8    1     4096      8    0.1456     115.2    22.5%
    4096   1024 f16   reg   native     8    4     1024     32    0.0839     200.0    39.0%
    4096   1024 f16   reg   native     8   16      256    128    0.0825     203.2    39.6%
    4096   1024 f16   reg   native    16    1     4096     16    0.1460     114.9    22.4%
    4096   1024 f16   reg   native    16    4     1024     64    0.0838     200.1    39.0%
    4096   1024 f16   reg   native    16   16      256    256    0.0827     202.9    39.6%
    4096   1024 f16   reg   native    32    1     4096     32    0.1459     115.0    22.4%
    4096   1024 f16   reg   native    32    4     1024    128    0.0838     200.3    39.1%
    4096   1024 f16   reg   native    32   16      256    512    0.0829     202.3    39.5%
    4096   1024 bf16  reg   native     8    1     4096      8    0.1809      92.7    18.1%
    4096   1024 bf16  reg   native     8    4     1024     32    0.0984     170.6    33.3%
    4096   1024 bf16  reg   native     8   16      256    128    0.0975     172.1    33.6%
    4096   1024 bf16  reg   native    16    1     4096     16    0.1814      92.5    18.0%
    4096   1024 bf16  reg   native    16    4     1024     64    0.0988     169.7    33.1%
    4096   1024 bf16  reg   native    16   16      256    256    0.0976     171.9    33.5%
    4096   1024 bf16  reg   native    32    1     4096     32    0.1816      92.4    18.0%
    4096   1024 bf16  reg   native    32    4     1024    128    0.0988     169.8    33.1%
    4096   1024 bf16  reg   native    32   16      256    512    0.0976     172.0    33.5%
   16384   1024 f16   reg   native     8    1    16384      8    0.4188     160.3    31.3%
   16384   1024 f16   reg   native     8    4     4096     32    0.2059     325.9    63.6%
   16384   1024 f16   reg   native     8   16     1024    128    0.2167     309.7    60.4%
   16384   1024 f16   reg   native    16    1    16384     16    0.4193     160.1    31.2%
   16384   1024 f16   reg   native    16    4     4096     64    0.2051     327.2    63.8%
   16384   1024 f16   reg   native    16   16     1024    256    0.2173     308.8    60.2%
   16384   1024 f16   reg   native    32    1    16384     32    0.4186     160.3    31.3%
   16384   1024 f16   reg   native    32    4     4096    128    0.2060     325.8    63.5%
   16384   1024 f16   reg   native    32   16     1024    512    0.2157     311.2    60.7%
   16384   1024 bf16  reg   native     8    1    16384      8    0.5239     128.1    25.0%
   16384   1024 bf16  reg   native     8    4     4096     32    0.2263     296.6    57.8%
   16384   1024 bf16  reg   native     8   16     1024    128    0.2380     281.9    55.0%
   16384   1024 bf16  reg   native    16    1    16384     16    0.5234     128.2    25.0%
   16384   1024 bf16  reg   native    16    4     4096     64    0.2268     295.9    57.7%
   16384   1024 bf16  reg   native    16   16     1024    256    0.2370     283.2    55.2%
   16384   1024 bf16  reg   native    32    1    16384     32    0.5240     128.1    25.0%
   16384   1024 bf16  reg   native    32    4     4096    128    0.2264     296.4    57.8%
   16384   1024 bf16  reg   native    32   16     1024    512    0.2378     282.3    55.0%
   65536   1024 f16   reg   native     8    1    65536      8    1.4729     182.2    35.5%
   65536   1024 f16   reg   native     8    4    16384     32    0.5417     495.6    96.6%
   65536   1024 f16   reg   native     8   16     4096    128    0.5597     479.6    93.5%
   65536   1024 f16   reg   native    16    1    65536     16    1.4726     182.3    35.5%
   65536   1024 f16   reg   native    16    4    16384     64    0.5420     495.3    96.6%
   65536   1024 f16   reg   native    16   16     4096    256    0.5591     480.1    93.6%
   65536   1024 f16   reg   native    32    1    65536     32    1.4724     182.3    35.6%
   65536   1024 f16   reg   native    32    4    16384    128    0.5415     495.7    96.7%
   65536   1024 f16   reg   native    32   16     4096    512    0.5591     480.1    93.6%
   65536   1024 bf16  reg   native     8    1    65536      8    1.8252     147.1    28.7%
   65536   1024 bf16  reg   native     8    4    16384     32    0.5738     467.8    91.2%
   65536   1024 bf16  reg   native     8   16     4096    128    0.5849     458.9    89.5%
   65536   1024 bf16  reg   native    16    1    65536     16    1.8242     147.2    28.7%
   65536   1024 bf16  reg   native    16    4    16384     64    0.5738     467.8    91.2%
   65536   1024 bf16  reg   native    16   16     4096    256    0.5850     458.9    89.5%
   65536   1024 bf16  reg   native    32    1    65536     32    1.8266     147.0    28.7%
   65536   1024 bf16  reg   native    32    4    16384    128    0.5733     468.2    91.3%
   65536   1024 bf16  reg   native    32   16     4096    512    0.5849     458.9    89.5%
  262144   1024 f16   reg   native     8    1   262144      8    5.6877     188.8    36.8%
  262144   1024 f16   reg   native     8    4    65536     32    1.9123     561.5   109.5%
  262144   1024 f16   reg   native     8   16    16384    128    1.9253     557.7   108.8%
  262144   1024 f16   reg   native    16    1   262144     16    5.6870     188.8    36.8%
  262144   1024 f16   reg   native    16    4    65536     64    1.9122     561.5   109.5%
  262144   1024 f16   reg   native    16   16    16384    256    1.9257     557.6   108.7%
  262144   1024 f16   reg   native    32    1   262144     32    5.6879     188.8    36.8%
  262144   1024 f16   reg   native    32    4    65536    128    1.9123     561.5   109.5%
  262144   1024 f16   reg   native    32   16    16384    512    1.9250     557.8   108.8%
  262144   1024 bf16  reg   native     8    1   262144      8    6.9883     153.6    30.0%
  262144   1024 bf16  reg   native     8    4    65536     32    1.9668     545.9   106.5%
  262144   1024 bf16  reg   native     8   16    16384    128    1.9770     543.1   105.9%
  262144   1024 bf16  reg   native    16    1   262144     16    6.9914     153.6    30.0%
  262144   1024 bf16  reg   native    16    4    65536     64    1.9660     546.2   106.5%
  262144   1024 bf16  reg   native    16   16    16384    256    1.9780     542.9   105.9%
  262144   1024 bf16  reg   native    32    1   262144     32    6.9932     153.5    29.9%
  262144   1024 bf16  reg   native    32    4    65536    128    1.9665     546.0   106.5%
  262144   1024 bf16  reg   native    32   16    16384    512    1.9774     543.0   105.9%
wrote data/musa/kernels_reg.csv
    rows    dim dtype kern  acc      tpr  rpb     grid  block        ms      GB/s    %peak
    2048     64 f16   smem  native    32    1     2048     32    0.0229      22.9     4.5%
    2048     64 f16   smem  native    32    4     2048    128    0.0238      22.0     4.3%
    2048     64 f16   smem  native    32   16     2048    512    0.0365      14.4     2.8%
    2048     64 f16   smem  native    32    1     2048     32    0.0226      23.2     4.5%
    2048     64 f16   smem  native    32    4     2048    128    0.0238      22.0     4.3%
    2048     64 f16   smem  native    32   16     2048    512    0.0367      14.3     2.8%
    2048     64 f16   smem  native    32    1     2048     32    0.0227      23.1     4.5%
    2048     64 f16   smem  native    32    4     2048    128    0.0237      22.1     4.3%
    2048     64 f16   smem  native    32   16     2048    512    0.0365      14.4     2.8%
    2048     64 bf16  smem  native    32    1     2048     32    0.0240      21.9     4.3%
    2048     64 bf16  smem  native    32    4     2048    128    0.0245      21.4     4.2%
    2048     64 bf16  smem  native    32   16     2048    512    0.0378      13.9     2.7%
    2048     64 bf16  smem  native    32    1     2048     32    0.0240      21.9     4.3%
    2048     64 bf16  smem  native    32    4     2048    128    0.0245      21.4     4.2%
    2048     64 bf16  smem  native    32   16     2048    512    0.0378      13.9     2.7%
    2048     64 bf16  smem  native    32    1     2048     32    0.0238      22.0     4.3%
    2048     64 bf16  smem  native    32    4     2048    128    0.0243      21.6     4.2%
    2048     64 bf16  smem  native    32   16     2048    512    0.0378      13.9     2.7%
    8192     64 f16   smem  native    32    1     8192     32    0.0389      53.9    10.5%
    8192     64 f16   smem  native    32    4     8192    128    0.0444      47.2     9.2%
    8192     64 f16   smem  native    32   16     8192    512    0.0926      22.6     4.4%
    8192     64 f16   smem  native    32    1     8192     32    0.0390      53.7    10.5%
    8192     64 f16   smem  native    32    4     8192    128    0.0444      47.2     9.2%
    8192     64 f16   smem  native    32   16     8192    512    0.0925      22.7     4.4%
    8192     64 f16   smem  native    32    1     8192     32    0.0388      54.0    10.5%
    8192     64 f16   smem  native    32    4     8192    128    0.0443      47.3     9.2%
    8192     64 f16   smem  native    32   16     8192    512    0.0926      22.6     4.4%
    8192     64 bf16  smem  native    32    1     8192     32    0.0389      53.9    10.5%
    8192     64 bf16  smem  native    32    4     8192    128    0.0433      48.4     9.4%
    8192     64 bf16  smem  native    32   16     8192    512    0.0941      22.3     4.3%
    8192     64 bf16  smem  native    32    1     8192     32    0.0390      53.8    10.5%
    8192     64 bf16  smem  native    32    4     8192    128    0.0435      48.3     9.4%
    8192     64 bf16  smem  native    32   16     8192    512    0.0941      22.3     4.3%
    8192     64 bf16  smem  native    32    1     8192     32    0.0389      53.8    10.5%
    8192     64 bf16  smem  native    32    4     8192    128    0.0433      48.5     9.5%
    8192     64 bf16  smem  native    32   16     8192    512    0.0942      22.3     4.3%
   32768     64 f16   smem  native    32    1    32768     32    0.1055      79.6    15.5%
   32768     64 f16   smem  native    32    4    32768    128    0.1265      66.3    12.9%
   32768     64 f16   smem  native    32   16    32768    512    0.3164      26.5     5.2%
   32768     64 f16   smem  native    32    1    32768     32    0.1053      79.7    15.5%
   32768     64 f16   smem  native    32    4    32768    128    0.1262      66.5    13.0%
   32768     64 f16   smem  native    32   16    32768    512    0.3164      26.5     5.2%
   32768     64 f16   smem  native    32    1    32768     32    0.1053      79.7    15.5%
   32768     64 f16   smem  native    32    4    32768    128    0.1264      66.4    12.9%
   32768     64 f16   smem  native    32   16    32768    512    0.3163      26.5     5.2%
   32768     64 bf16  smem  native    32    1    32768     32    0.0996      84.2    16.4%
   32768     64 bf16  smem  native    32    4    32768    128    0.1196      70.2    13.7%
   32768     64 bf16  smem  native    32   16    32768    512    0.3177      26.4     5.1%
   32768     64 bf16  smem  native    32    1    32768     32    0.0999      83.9    16.4%
   32768     64 bf16  smem  native    32    4    32768    128    0.1195      70.2    13.7%
   32768     64 bf16  smem  native    32   16    32768    512    0.3177      26.4     5.1%
   32768     64 bf16  smem  native    32    1    32768     32    0.0999      84.0    16.4%
   32768     64 bf16  smem  native    32    4    32768    128    0.1197      70.1    13.7%
   32768     64 bf16  smem  native    32   16    32768    512    0.3178      26.4     5.1%
  131072     64 f16   smem  native    32    1   131072     32    0.3627      92.5    18.0%
  131072     64 f16   smem  native    32    4   131072    128    0.4473      75.0    14.6%
  131072     64 f16   smem  native    32   16   131072    512    1.2047      27.9     5.4%
  131072     64 f16   smem  native    32    1   131072     32    0.3627      92.5    18.0%
  131072     64 f16   smem  native    32    4   131072    128    0.4475      75.0    14.6%
  131072     64 f16   smem  native    32   16   131072    512    1.2050      27.8     5.4%
  131072     64 f16   smem  native    32    1   131072     32    0.3626      92.5    18.0%
  131072     64 f16   smem  native    32    4   131072    128    0.4475      75.0    14.6%
  131072     64 f16   smem  native    32   16   131072    512    1.2048      27.9     5.4%
  131072     64 bf16  smem  native    32    1   131072     32    0.3378      99.3    19.4%
  131072     64 bf16  smem  native    32    4   131072    128    0.4193      80.0    15.6%
  131072     64 bf16  smem  native    32   16   131072    512    1.2067      27.8     5.4%
  131072     64 bf16  smem  native    32    1   131072     32    0.3379      99.3    19.4%
  131072     64 bf16  smem  native    32    4   131072    128    0.4193      80.0    15.6%
  131072     64 bf16  smem  native    32   16   131072    512    1.2067      27.8     5.4%
  131072     64 bf16  smem  native    32    1   131072     32    0.3379      99.3    19.4%
  131072     64 bf16  smem  native    32    4   131072    128    0.4194      80.0    15.6%
  131072     64 bf16  smem  native    32   16   131072    512    1.2067      27.8     5.4%
    2048    128 f16   smem  native    32    1     2048     32    0.0254      41.2     8.0%
    2048    128 f16   smem  native    32    4     2048    128    0.0265      39.6     7.7%
    2048    128 f16   smem  native    32   16     2048    512    0.0407      25.8     5.0%
    2048    128 f16   smem  native    32    1     2048     32    0.0255      41.1     8.0%
    2048    128 f16   smem  native    32    4     2048    128    0.0263      39.8     7.8%
    2048    128 f16   smem  native    32   16     2048    512    0.0405      25.9     5.0%
    2048    128 f16   smem  native    32    1     2048     32    0.0252      41.6     8.1%
    2048    128 f16   smem  native    32    4     2048    128    0.0264      39.8     7.8%
    2048    128 f16   smem  native    32   16     2048    512    0.0405      25.9     5.0%
    2048    128 bf16  smem  native    32    1     2048     32    0.0281      37.3     7.3%
    2048    128 bf16  smem  native    32    4     2048    128    0.0290      36.2     7.1%
    2048    128 bf16  smem  native    32   16     2048    512    0.0429      24.4     4.8%
    2048    128 bf16  smem  native    32    1     2048     32    0.0280      37.5     7.3%
    2048    128 bf16  smem  native    32    4     2048    128    0.0289      36.2     7.1%
    2048    128 bf16  smem  native    32   16     2048    512    0.0431      24.3     4.7%
    2048    128 bf16  smem  native    32    1     2048     32    0.0280      37.4     7.3%
    2048    128 bf16  smem  native    32    4     2048    128    0.0289      36.3     7.1%
    2048    128 bf16  smem  native    32   16     2048    512    0.0430      24.4     4.8%
    8192    128 f16   smem  native    32    1     8192     32    0.0489      85.7    16.7%
    8192    128 f16   smem  native    32    4     8192    128    0.0541      77.5    15.1%
    8192    128 f16   smem  native    32   16     8192    512    0.1016      41.3     8.1%
    8192    128 f16   smem  native    32    1     8192     32    0.0490      85.6    16.7%
    8192    128 f16   smem  native    32    4     8192    128    0.0541      77.6    15.1%
    8192    128 f16   smem  native    32   16     8192    512    0.1018      41.2     8.0%
    8192    128 f16   smem  native    32    1     8192     32    0.0489      85.7    16.7%
    8192    128 f16   smem  native    32    4     8192    128    0.0540      77.7    15.2%
    8192    128 f16   smem  native    32   16     8192    512    0.1017      41.2     8.0%
    8192    128 bf16  smem  native    32    1     8192     32    0.0501      83.8    16.3%
    8192    128 bf16  smem  native    32    4     8192    128    0.0541      77.5    15.1%
    8192    128 bf16  smem  native    32   16     8192    512    0.1044      40.2     7.8%
    8192    128 bf16  smem  native    32    1     8192     32    0.0500      83.8    16.3%
    8192    128 bf16  smem  native    32    4     8192    128    0.0542      77.4    15.1%
    8192    128 bf16  smem  native    32   16     8192    512    0.1044      40.2     7.8%
    8192    128 bf16  smem  native    32    1     8192     32    0.0501      83.7    16.3%
    8192    128 bf16  smem  native    32    4     8192    128    0.0543      77.3    15.1%
    8192    128 bf16  smem  native    32   16     8192    512    0.1045      40.1     7.8%
   32768    128 f16   smem  native    32    1    32768     32    0.1396     120.2    23.4%
   32768    128 f16   smem  native    32    4    32768    128    0.1613     104.0    20.3%
   32768    128 f16   smem  native    32   16    32768    512    0.3425      49.0     9.6%
   32768    128 f16   smem  native    32    1    32768     32    0.1397     120.1    23.4%
   32768    128 f16   smem  native    32    4    32768    128    0.1613     104.0    20.3%
   32768    128 f16   smem  native    32   16    32768    512    0.3426      49.0     9.6%
   32768    128 f16   smem  native    32    1    32768     32    0.1395     120.2    23.4%
   32768    128 f16   smem  native    32    4    32768    128    0.1612     104.1    20.3%
   32768    128 f16   smem  native    32   16    32768    512    0.3426      49.0     9.5%
   32768    128 bf16  smem  native    32    1    32768     32    0.1336     125.6    24.5%
   32768    128 bf16  smem  native    32    4    32768    128    0.1512     111.0    21.6%
   32768    128 bf16  smem  native    32   16    32768    512    0.3470      48.3     9.4%
   32768    128 bf16  smem  native    32    1    32768     32    0.1334     125.7    24.5%
   32768    128 bf16  smem  native    32    4    32768    128    0.1512     111.0    21.6%
   32768    128 bf16  smem  native    32   16    32768    512    0.3471      48.3     9.4%
   32768    128 bf16  smem  native    32    1    32768     32    0.1334     125.7    24.5%
   32768    128 bf16  smem  native    32    4    32768    128    0.1511     111.1    21.7%
   32768    128 bf16  smem  native    32   16    32768    512    0.3470      48.4     9.4%
  131072    128 f16   smem  native    32    1   131072     32    0.5014     133.8    26.1%
  131072    128 f16   smem  native    32    4   131072    128    0.5893     113.9    22.2%
  131072    128 f16   smem  native    32   16   131072    512    1.3138      51.1    10.0%
  131072    128 f16   smem  native    32    1   131072     32    0.5013     133.9    26.1%
  131072    128 f16   smem  native    32    4   131072    128    0.5892     113.9    22.2%
  131072    128 f16   smem  native    32   16   131072    512    1.3134      51.1    10.0%
  131072    128 f16   smem  native    32    1   131072     32    0.5016     133.8    26.1%
  131072    128 f16   smem  native    32    4   131072    128    0.5891     113.9    22.2%
  131072    128 f16   smem  native    32   16   131072    512    1.3137      51.1    10.0%
  131072    128 bf16  smem  native    32    1   131072     32    0.4690     143.1    27.9%
  131072    128 bf16  smem  native    32    4   131072    128    0.5397     124.3    24.3%
  131072    128 bf16  smem  native    32   16   131072    512    1.3381      50.2     9.8%
  131072    128 bf16  smem  native    32    1   131072     32    0.4689     143.1    27.9%
  131072    128 bf16  smem  native    32    4   131072    128    0.5399     124.3    24.2%
  131072    128 bf16  smem  native    32   16   131072    512    1.3381      50.2     9.8%
  131072    128 bf16  smem  native    32    1   131072     32    0.4687     143.2    27.9%
  131072    128 bf16  smem  native    32    4   131072    128    0.5397     124.3    24.2%
  131072    128 bf16  smem  native    32   16   131072    512    1.3381      50.2     9.8%
    2048    256 f16   smem  native    32    1     2048     32    0.0334      62.8    12.2%
    2048    256 f16   smem  native    32    4     2048    128    0.0345      60.8    11.9%
    2048    256 f16   smem  native    32   16     2048    512    0.0569      36.9     7.2%
    2048    256 f16   smem  native    32    1     2048     32    0.0332      63.2    12.3%
    2048    256 f16   smem  native    32    4     2048    128    0.0344      60.9    11.9%
    2048    256 f16   smem  native    32   16     2048    512    0.0567      37.0     7.2%
    2048    256 f16   smem  native    32    1     2048     32    0.0332      63.1    12.3%
    2048    256 f16   smem  native    32    4     2048    128    0.0345      60.8    11.9%
    2048    256 f16   smem  native    32   16     2048    512    0.0569      36.9     7.2%
    2048    256 bf16  smem  native    32    1     2048     32    0.0389      53.9    10.5%
    2048    256 bf16  smem  native    32    4     2048    128    0.0401      52.3    10.2%
    2048    256 bf16  smem  native    32   16     2048    512    0.0659      31.8     6.2%
    2048    256 bf16  smem  native    32    1     2048     32    0.0387      54.2    10.6%
    2048    256 bf16  smem  native    32    4     2048    128    0.0400      52.4    10.2%
    2048    256 bf16  smem  native    32   16     2048    512    0.0659      31.8     6.2%
    2048    256 bf16  smem  native    32    1     2048     32    0.0387      54.2    10.6%
    2048    256 bf16  smem  native    32    4     2048    128    0.0400      52.4    10.2%
    2048    256 bf16  smem  native    32   16     2048    512    0.0658      31.9     6.2%
    8192    256 f16   smem  native    32    1     8192     32    0.0707     118.6    23.1%
    8192    256 f16   smem  native    32    4     8192    128    0.0762     110.1    21.5%
    8192    256 f16   smem  native    32   16     8192    512    0.1554      54.0    10.5%
    8192    256 f16   smem  native    32    1     8192     32    0.0708     118.4    23.1%
    8192    256 f16   smem  native    32    4     8192    128    0.0763     109.9    21.4%
    8192    256 f16   smem  native    32   16     8192    512    0.1553      54.0    10.5%
    8192    256 f16   smem  native    32    1     8192     32    0.0709     118.4    23.1%
    8192    256 f16   smem  native    32    4     8192    128    0.0765     109.7    21.4%
    8192    256 f16   smem  native    32   16     8192    512    0.1554      54.0    10.5%
    8192    256 bf16  smem  native    32    1     8192     32    0.0778     107.9    21.0%
    8192    256 bf16  smem  native    32    4     8192    128    0.0802     104.7    20.4%
    8192    256 bf16  smem  native    32   16     8192    512    0.1824      46.0     9.0%
    8192    256 bf16  smem  native    32    1     8192     32    0.0777     107.9    21.0%
    8192    256 bf16  smem  native    32    4     8192    128    0.0801     104.8    20.4%
    8192    256 bf16  smem  native    32   16     8192    512    0.1822      46.1     9.0%
    8192    256 bf16  smem  native    32    1     8192     32    0.0778     107.8    21.0%
    8192    256 bf16  smem  native    32    4     8192    128    0.0800     104.9    20.4%
    8192    256 bf16  smem  native    32   16     8192    512    0.1823      46.0     9.0%
   32768    256 f16   smem  native    32    1    32768     32    0.2197     152.7    29.8%
   32768    256 f16   smem  native    32    4    32768    128    0.2423     138.5    27.0%
   32768    256 f16   smem  native    32   16    32768    512    0.5586      60.1    11.7%
   32768    256 f16   smem  native    32    1    32768     32    0.2197     152.7    29.8%
   32768    256 f16   smem  native    32    4    32768    128    0.2422     138.5    27.0%
   32768    256 f16   smem  native    32   16    32768    512    0.5586      60.1    11.7%
   32768    256 f16   smem  native    32    1    32768     32    0.2199     152.6    29.8%
   32768    256 f16   smem  native    32    4    32768    128    0.2423     138.5    27.0%
   32768    256 f16   smem  native    32   16    32768    512    0.5586      60.1    11.7%
   32768    256 bf16  smem  native    32    1    32768     32    0.2352     142.6    27.8%
   32768    256 bf16  smem  native    32    4    32768    128    0.2420     138.7    27.0%
   32768    256 bf16  smem  native    32   16    32768    512    0.6559      51.2    10.0%
   32768    256 bf16  smem  native    32    1    32768     32    0.2352     142.6    27.8%
   32768    256 bf16  smem  native    32    4    32768    128    0.2419     138.7    27.1%
   32768    256 bf16  smem  native    32   16    32768    512    0.6560      51.2    10.0%
   32768    256 bf16  smem  native    32    1    32768     32    0.2354     142.5    27.8%
   32768    256 bf16  smem  native    32    4    32768    128    0.2418     138.8    27.1%
   32768    256 bf16  smem  native    32   16    32768    512    0.6559      51.2    10.0%
  131072    256 f16   smem  native    32    1   131072     32    0.7827     171.5    33.4%
  131072    256 f16   smem  native    32    4   131072    128    0.8740     153.6    29.9%
  131072    256 f16   smem  native    32   16   131072    512    2.1325      62.9    12.3%
  131072    256 f16   smem  native    32    1   131072     32    0.7827     171.5    33.4%
  131072    256 f16   smem  native    32    4   131072    128    0.8740     153.6    29.9%
  131072    256 f16   smem  native    32   16   131072    512    2.1325      62.9    12.3%
  131072    256 f16   smem  native    32    1   131072     32    0.7828     171.5    33.4%
  131072    256 f16   smem  native    32    4   131072    128    0.8741     153.5    29.9%
  131072    256 f16   smem  native    32   16   131072    512    2.1326      62.9    12.3%
  131072    256 bf16  smem  native    32    1   131072     32    0.8274     162.2    31.6%
  131072    256 bf16  smem  native    32    4   131072    128    0.8495     158.0    30.8%
  131072    256 bf16  smem  native    32   16   131072    512    2.5113      53.4    10.4%
  131072    256 bf16  smem  native    32    1   131072     32    0.8274     162.2    31.6%
  131072    256 bf16  smem  native    32    4   131072    128    0.8496     158.0    30.8%
  131072    256 bf16  smem  native    32   16   131072    512    2.5060      53.6    10.4%
  131072    256 bf16  smem  native    32    1   131072     32    0.8275     162.2    31.6%
  131072    256 bf16  smem  native    32    4   131072    128    0.8496     158.0    30.8%
  131072    256 bf16  smem  native    32   16   131072    512    2.5114      53.4    10.4%
    2048    512 f16   smem  native    32    1     2048     32    0.0520      80.6    15.7%
    2048    512 f16   smem  native    32    4     2048    128    0.0393     106.7    20.8%
    2048    512 f16   smem  native    32   16     2048    512    0.0578      72.6    14.2%
    2048    512 f16   smem  native    32    1     2048     32    0.0520      80.6    15.7%
    2048    512 f16   smem  native    32    4     2048    128    0.0393     106.9    20.8%
    2048    512 f16   smem  native    32   16     2048    512    0.0577      72.7    14.2%
    2048    512 f16   smem  native    32    1     2048     32    0.0520      80.6    15.7%
    2048    512 f16   smem  native    32    4     2048    128    0.0393     106.8    20.8%
    2048    512 f16   smem  native    32   16     2048    512    0.0578      72.6    14.2%
    2048    512 bf16  smem  native    32    1     2048     32    0.0539      77.8    15.2%
    2048    512 bf16  smem  native    32    4     2048    128    0.0431      97.4    19.0%
    2048    512 bf16  smem  native    32   16     2048    512    0.0660      63.5    12.4%
    2048    512 bf16  smem  native    32    1     2048     32    0.0540      77.7    15.2%
    2048    512 bf16  smem  native    32    4     2048    128    0.0431      97.2    19.0%
    2048    512 bf16  smem  native    32   16     2048    512    0.0660      63.5    12.4%
    2048    512 bf16  smem  native    32    1     2048     32    0.0539      77.9    15.2%
    2048    512 bf16  smem  native    32    4     2048    128    0.0430      97.4    19.0%
    2048    512 bf16  smem  native    32   16     2048    512    0.0661      63.5    12.4%
    8192    512 f16   smem  native    32    1     8192     32    0.1364     123.0    24.0%
    8192    512 f16   smem  native    32    4     8192    128    0.0915     183.3    35.7%
    8192    512 f16   smem  native    32   16     8192    512    0.1528     109.8    21.4%
    8192    512 f16   smem  native    32    1     8192     32    0.1363     123.1    24.0%
    8192    512 f16   smem  native    32    4     8192    128    0.0915     183.4    35.8%
    8192    512 f16   smem  native    32   16     8192    512    0.1528     109.8    21.4%
    8192    512 f16   smem  native    32    1     8192     32    0.1363     123.1    24.0%
    8192    512 f16   smem  native    32    4     8192    128    0.0916     183.1    35.7%
    8192    512 f16   smem  native    32   16     8192    512    0.1524     110.1    21.5%
    8192    512 bf16  smem  native    32    1     8192     32    0.1387     121.0    23.6%
    8192    512 bf16  smem  native    32    4     8192    128    0.0912     184.0    35.9%
    8192    512 bf16  smem  native    32   16     8192    512    0.1729      97.0    18.9%
    8192    512 bf16  smem  native    32    1     8192     32    0.1387     121.0    23.6%
    8192    512 bf16  smem  native    32    4     8192    128    0.0912     184.0    35.9%
    8192    512 bf16  smem  native    32   16     8192    512    0.1729      97.0    18.9%
    8192    512 bf16  smem  native    32    1     8192     32    0.1386     121.0    23.6%
    8192    512 bf16  smem  native    32    4     8192    128    0.0914     183.5    35.8%
    8192    512 bf16  smem  native    32   16     8192    512    0.1731      96.9    18.9%
   32768    512 f16   smem  native    32    1    32768     32    0.4790     140.1    27.3%
   32768    512 f16   smem  native    32    4    32768    128    0.3037     220.9    43.1%
   32768    512 f16   smem  native    32   16    32768    512    0.5422     123.8    24.1%
   32768    512 f16   smem  native    32    1    32768     32    0.4789     140.1    27.3%
   32768    512 f16   smem  native    32    4    32768    128    0.3038     220.9    43.1%
   32768    512 f16   smem  native    32   16    32768    512    0.5420     123.8    24.1%
   32768    512 f16   smem  native    32    1    32768     32    0.4791     140.1    27.3%
   32768    512 f16   smem  native    32    4    32768    128    0.3037     221.0    43.1%
   32768    512 f16   smem  native    32   16    32768    512    0.5422     123.8    24.1%
   32768    512 bf16  smem  native    32    1    32768     32    0.4806     139.6    27.2%
   32768    512 bf16  smem  native    32    4    32768    128    0.2872     233.7    45.6%
   32768    512 bf16  smem  native    32   16    32768    512    0.6123     109.6    21.4%
   32768    512 bf16  smem  native    32    1    32768     32    0.4805     139.7    27.2%
   32768    512 bf16  smem  native    32    4    32768    128    0.2871     233.8    45.6%
   32768    512 bf16  smem  native    32   16    32768    512    0.6123     109.6    21.4%
   32768    512 bf16  smem  native    32    1    32768     32    0.4804     139.7    27.2%
   32768    512 bf16  smem  native    32    4    32768    128    0.2876     233.3    45.5%
   32768    512 bf16  smem  native    32   16    32768    512    0.6123     109.6    21.4%
  131072    512 f16   smem  native    32    1   131072     32    1.8201     147.5    28.8%
  131072    512 f16   smem  native    32    4   131072    128    1.1142     240.9    47.0%
  131072    512 f16   smem  native    32   16   131072    512    2.0640     130.1    25.4%
  131072    512 f16   smem  native    32    1   131072     32    1.8202     147.5    28.8%
  131072    512 f16   smem  native    32    4   131072    128    1.1143     240.9    47.0%
  131072    512 f16   smem  native    32   16   131072    512    2.0640     130.1    25.4%
  131072    512 f16   smem  native    32    1   131072     32    1.8202     147.5    28.8%
  131072    512 f16   smem  native    32    4   131072    128    1.1141     240.9    47.0%
  131072    512 f16   smem  native    32   16   131072    512    2.0639     130.1    25.4%
  131072    512 bf16  smem  native    32    1   131072     32    1.8103     148.3    28.9%
  131072    512 bf16  smem  native    32    4   131072    128    1.0256     261.7    51.0%
  131072    512 bf16  smem  native    32   16   131072    512    2.3204     115.7    22.6%
  131072    512 bf16  smem  native    32    1   131072     32    1.8104     148.3    28.9%
  131072    512 bf16  smem  native    32    4   131072    128    1.0256     261.7    51.0%
  131072    512 bf16  smem  native    32   16   131072    512    2.3204     115.7    22.6%
  131072    512 bf16  smem  native    32    1   131072     32    1.8103     148.3    28.9%
  131072    512 bf16  smem  native    32    4   131072    128    1.0257     261.7    51.0%
  131072    512 bf16  smem  native    32   16   131072    512    2.3202     115.7    22.6%
    2048   1024 f16   smem  native    32    1     2048     32    0.0917      91.4    17.8%
    2048   1024 f16   smem  native    32    4     2048    128    0.0510     164.5    32.1%
    2048   1024 f16   smem  native    32   16     2048    512    0.0730     114.9    22.4%
    2048   1024 f16   smem  native    32    1     2048     32    0.0917      91.5    17.8%
    2048   1024 f16   smem  native    32    4     2048    128    0.0511     164.2    32.0%
    2048   1024 f16   smem  native    32   16     2048    512    0.0730     115.0    22.4%
    2048   1024 f16   smem  native    32    1     2048     32    0.0917      91.5    17.8%
    2048   1024 f16   smem  native    32    4     2048    128    0.0512     163.8    31.9%
    2048   1024 f16   smem  native    32   16     2048    512    0.0728     115.2    22.5%
    2048   1024 bf16  smem  native    32    1     2048     32    0.0932      90.0    17.6%
    2048   1024 bf16  smem  native    32    4     2048    128    0.0549     152.9    29.8%
    2048   1024 bf16  smem  native    32   16     2048    512    0.0815     102.9    20.1%
    2048   1024 bf16  smem  native    32    1     2048     32    0.0935      89.8    17.5%
    2048   1024 bf16  smem  native    32    4     2048    128    0.0549     152.7    29.8%
    2048   1024 bf16  smem  native    32   16     2048    512    0.0816     102.8    20.0%
    2048   1024 bf16  smem  native    32    1     2048     32    0.0934      89.8    17.5%
    2048   1024 bf16  smem  native    32    4     2048    128    0.0549     152.9    29.8%
    2048   1024 bf16  smem  native    32   16     2048    512    0.0816     102.8    20.0%
    8192   1024 f16   smem  native    32    1     8192     32    0.2859     117.4    22.9%
    8192   1024 f16   smem  native    32    4     8192    128    0.1426     235.3    45.9%
    8192   1024 f16   smem  native    32   16     8192    512    0.2170     154.6    30.2%
    8192   1024 f16   smem  native    32    1     8192     32    0.2859     117.4    22.9%
    8192   1024 f16   smem  native    32    4     8192    128    0.1424     235.6    46.0%
    8192   1024 f16   smem  native    32   16     8192    512    0.2172     154.5    30.1%
    8192   1024 f16   smem  native    32    1     8192     32    0.2859     117.3    22.9%
    8192   1024 f16   smem  native    32    4     8192    128    0.1424     235.6    45.9%
    8192   1024 f16   smem  native    32   16     8192    512    0.2171     154.6    30.1%
    8192   1024 bf16  smem  native    32    1     8192     32    0.2858     117.4    22.9%
    8192   1024 bf16  smem  native    32    4     8192    128    0.1386     242.1    47.2%
    8192   1024 bf16  smem  native    32   16     8192    512    0.2412     139.1    27.1%
    8192   1024 bf16  smem  native    32    1     8192     32    0.2858     117.4    22.9%
    8192   1024 bf16  smem  native    32    4     8192    128    0.1387     241.9    47.2%
    8192   1024 bf16  smem  native    32   16     8192    512    0.2410     139.2    27.2%
    8192   1024 bf16  smem  native    32    1     8192     32    0.2859     117.3    22.9%
    8192   1024 bf16  smem  native    32    4     8192    128    0.1387     241.9    47.2%
    8192   1024 bf16  smem  native    32   16     8192    512    0.2410     139.2    27.2%
   32768   1024 f16   smem  native    32    1    32768     32    1.0429     128.7    25.1%
   32768   1024 f16   smem  native    32    4    32768    128    0.4640     289.3    56.4%
   32768   1024 f16   smem  native    32   16    32768    512    0.7571     177.3    34.6%
   32768   1024 f16   smem  native    32    1    32768     32    1.0430     128.7    25.1%
   32768   1024 f16   smem  native    32    4    32768    128    0.4640     289.3    56.4%
   32768   1024 f16   smem  native    32   16    32768    512    0.7572     177.3    34.6%
   32768   1024 f16   smem  native    32    1    32768     32    1.0429     128.7    25.1%
   32768   1024 f16   smem  native    32    4    32768    128    0.4641     289.2    56.4%
   32768   1024 f16   smem  native    32   16    32768    512    0.7572     177.3    34.6%
   32768   1024 bf16  smem  native    32    1    32768     32    1.0231     131.2    25.6%
   32768   1024 bf16  smem  native    32    4    32768    128    0.4227     317.5    61.9%
   32768   1024 bf16  smem  native    32   16    32768    512    0.8327     161.2    31.4%
   32768   1024 bf16  smem  native    32    1    32768     32    1.0228     131.2    25.6%
   32768   1024 bf16  smem  native    32    4    32768    128    0.4226     317.6    61.9%
   32768   1024 bf16  smem  native    32   16    32768    512    0.8328     161.2    31.4%
   32768   1024 bf16  smem  native    32    1    32768     32    1.0229     131.2    25.6%
   32768   1024 bf16  smem  native    32    4    32768    128    0.4226     317.6    61.9%
   32768   1024 bf16  smem  native    32   16    32768    512    0.8330     161.1    31.4%
  131072   1024 f16   smem  native    32    1   131072     32    4.0710     131.9    25.7%
  131072   1024 f16   smem  native    32    4   131072    128    1.7491     306.9    59.9%
  131072   1024 f16   smem  native    32   16   131072    512    2.9160     184.1    35.9%
  131072   1024 f16   smem  native    32    1   131072     32    4.0710     131.9    25.7%
  131072   1024 f16   smem  native    32    4   131072    128    1.7489     307.0    59.9%
  131072   1024 f16   smem  native    32   16   131072    512    2.9161     184.1    35.9%
  131072   1024 f16   smem  native    32    1   131072     32    4.0710     131.9    25.7%
  131072   1024 f16   smem  native    32    4   131072    128    1.7492     306.9    59.9%
  131072   1024 f16   smem  native    32   16   131072    512    2.9163     184.1    35.9%
  131072   1024 bf16  smem  native    32    1   131072     32    3.9695     135.2    26.4%
  131072   1024 bf16  smem  native    32    4   131072    128    1.5575     344.7    67.2%
  131072   1024 bf16  smem  native    32   16   131072    512    3.1986     167.8    32.7%
  131072   1024 bf16  smem  native    32    1   131072     32    3.9693     135.3    26.4%
  131072   1024 bf16  smem  native    32    4   131072    128    1.5576     344.7    67.2%
  131072   1024 bf16  smem  native    32   16   131072    512    3.1987     167.8    32.7%
  131072   1024 bf16  smem  native    32    1   131072     32    3.9694     135.3    26.4%
  131072   1024 bf16  smem  native    32    4   131072    128    1.5574     344.7    67.2%
  131072   1024 bf16  smem  native    32   16   131072    512    3.1989     167.8    32.7%
    2048   2048 f16   smem  native    32    1     2048     32    0.1834      91.5    17.8%
    2048   2048 f16   smem  native    32    4     2048    128    0.0867     193.6    37.8%
    2048   2048 f16   smem  native    32   16     2048    512    0.0978     171.5    33.5%
    2048   2048 f16   smem  native    32    1     2048     32    0.1834      91.5    17.8%
    2048   2048 f16   smem  native    32    4     2048    128    0.0867     193.6    37.7%
    2048   2048 f16   smem  native    32   16     2048    512    0.0978     171.6    33.5%
    2048   2048 f16   smem  native    32    1     2048     32    0.1835      91.4    17.8%
    2048   2048 f16   smem  native    32    4     2048    128    0.0868     193.4    37.7%
    2048   2048 f16   smem  native    32   16     2048    512    0.0978     171.6    33.5%
    2048   2048 bf16  smem  native    32    1     2048     32    0.1847      90.8    17.7%
    2048   2048 bf16  smem  native    32    4     2048    128    0.0877     191.3    37.3%
    2048   2048 bf16  smem  native    32   16     2048    512    0.1018     164.8    32.1%
    2048   2048 bf16  smem  native    32    1     2048     32    0.1847      90.8    17.7%
    2048   2048 bf16  smem  native    32    4     2048    128    0.0878     191.1    37.3%
    2048   2048 bf16  smem  native    32   16     2048    512    0.1018     164.9    32.1%
    2048   2048 bf16  smem  native    32    1     2048     32    0.1846      90.9    17.7%
    2048   2048 bf16  smem  native    32    4     2048    128    0.0879     190.9    37.2%
    2048   2048 bf16  smem  native    32   16     2048    512    0.1018     164.8    32.1%
    8192   2048 f16   smem  native    32    1     8192     32    0.6153     109.1    21.3%
    8192   2048 f16   smem  native    32    4     8192    128    0.2629     255.3    49.8%
    8192   2048 f16   smem  native    32   16     8192    512    0.3168     211.8    41.3%
    8192   2048 f16   smem  native    32    1     8192     32    0.6150     109.1    21.3%
    8192   2048 f16   smem  native    32    4     8192    128    0.2629     255.2    49.8%
    8192   2048 f16   smem  native    32   16     8192    512    0.3167     211.9    41.3%
    8192   2048 f16   smem  native    32    1     8192     32    0.6149     109.1    21.3%
    8192   2048 f16   smem  native    32    4     8192    128    0.2630     255.2    49.8%
    8192   2048 f16   smem  native    32   16     8192    512    0.3167     211.9    41.3%
    8192   2048 bf16  smem  native    32    1     8192     32    0.6045     111.0    21.7%
    8192   2048 bf16  smem  native    32    4     8192    128    0.2463     272.4    53.1%
    8192   2048 bf16  smem  native    32   16     8192    512    0.3168     211.9    41.3%
    8192   2048 bf16  smem  native    32    1     8192     32    0.6043     111.0    21.7%
    8192   2048 bf16  smem  native    32    4     8192    128    0.2465     272.2    53.1%
    8192   2048 bf16  smem  native    32   16     8192    512    0.3167     211.9    41.3%
    8192   2048 bf16  smem  native    32    1     8192     32    0.6044     111.0    21.7%
    8192   2048 bf16  smem  native    32    4     8192    128    0.2465     272.3    53.1%
    8192   2048 bf16  smem  native    32   16     8192    512    0.3168     211.8    41.3%
   32768   2048 f16   smem  native    32    1    32768     32    2.3292     115.2    22.5%
   32768   2048 f16   smem  native    32    4    32768    128    0.9454     283.9    55.4%
   32768   2048 f16   smem  native    32   16    32768    512    1.1536     232.7    45.4%
   32768   2048 f16   smem  native    32    1    32768     32    2.3291     115.3    22.5%
   32768   2048 f16   smem  native    32    4    32768    128    0.9452     284.0    55.4%
   32768   2048 f16   smem  native    32   16    32768    512    1.1535     232.7    45.4%
   32768   2048 f16   smem  native    32    1    32768     32    2.3292     115.2    22.5%
   32768   2048 f16   smem  native    32    4    32768    128    0.9452     284.0    55.4%
   32768   2048 f16   smem  native    32   16    32768    512    1.1535     232.7    45.4%
   32768   2048 bf16  smem  native    32    1    32768     32    2.2592     118.8    23.2%
   32768   2048 bf16  smem  native    32    4    32768    128    0.8433     318.3    62.1%
   32768   2048 bf16  smem  native    32   16    32768    512    1.1304     237.5    46.3%
   32768   2048 bf16  smem  native    32    1    32768     32    2.2590     118.8    23.2%
   32768   2048 bf16  smem  native    32    4    32768    128    0.8435     318.3    62.1%
   32768   2048 bf16  smem  native    32   16    32768    512    1.1303     237.5    46.3%
   32768   2048 bf16  smem  native    32    1    32768     32    2.2591     118.8    23.2%
   32768   2048 bf16  smem  native    32    4    32768    128    0.8432     318.4    62.1%
   32768   2048 bf16  smem  native    32   16    32768    512    1.1303     237.5    46.3%
  131072   2048 f16   smem  native    32    1   131072     32    9.1856     116.9    22.8%
  131072   2048 f16   smem  native    32    4   131072    128    3.6689     292.7    57.1%
  131072   2048 f16   smem  native    32   16   131072    512    4.4996     238.6    46.5%
  131072   2048 f16   smem  native    32    1   131072     32    9.1857     116.9    22.8%
  131072   2048 f16   smem  native    32    4   131072    128    3.6689     292.7    57.1%
  131072   2048 f16   smem  native    32   16   131072    512    4.4994     238.6    46.5%
  131072   2048 f16   smem  native    32    1   131072     32    9.1857     116.9    22.8%
  131072   2048 f16   smem  native    32    4   131072    128    3.6689     292.7    57.1%
  131072   2048 f16   smem  native    32   16   131072    512    4.4994     238.6    46.5%
  131072   2048 bf16  smem  native    32    1   131072     32    8.8772     121.0    23.6%
  131072   2048 bf16  smem  native    32    4   131072    128    3.2296     332.5    64.8%
  131072   2048 bf16  smem  native    32   16   131072    512    4.3892     244.6    47.7%
  131072   2048 bf16  smem  native    32    1   131072     32    8.8767     121.0    23.6%
  131072   2048 bf16  smem  native    32    4   131072    128    3.2298     332.4    64.8%
  131072   2048 bf16  smem  native    32   16   131072    512    4.3895     244.6    47.7%
  131072   2048 bf16  smem  native    32    1   131072     32    8.8770     121.0    23.6%
  131072   2048 bf16  smem  native    32    4   131072    128    3.2297     332.5    64.8%
  131072   2048 bf16  smem  native    32   16   131072    512    4.3894     244.6    47.7%
    2048   4096 f16   smem  native    32    1     2048     32    0.5287      63.5    12.4%
    2048   4096 f16   smem  native    32    4     2048    128    0.2022     165.9    32.4%
    2048   4096 f16   smem  native    32   16     2048    512    0.1773     189.3    36.9%
    2048   4096 f16   smem  native    32    1     2048     32    0.5313      63.2    12.3%
    2048   4096 f16   smem  native    32    4     2048    128    0.2025     165.7    32.3%
    2048   4096 f16   smem  native    32   16     2048    512    0.1774     189.1    36.9%
    2048   4096 f16   smem  native    32    1     2048     32    0.5271      63.7    12.4%
    2048   4096 f16   smem  native    32    4     2048    128    0.2024     165.8    32.3%
    2048   4096 f16   smem  native    32   16     2048    512    0.1775     189.0    36.9%
    2048   4096 bf16  smem  native    32    1     2048     32    0.6014      55.8    10.9%
    2048   4096 bf16  smem  native    32    4     2048    128    0.2192     153.1    29.9%
    2048   4096 bf16  smem  native    32   16     2048    512    0.1717     195.5    38.1%
    2048   4096 bf16  smem  native    32    1     2048     32    0.6014      55.8    10.9%
    2048   4096 bf16  smem  native    32    4     2048    128    0.2192     153.1    29.9%
    2048   4096 bf16  smem  native    32   16     2048    512    0.1716     195.6    38.1%
    2048   4096 bf16  smem  native    32    1     2048     32    0.6015      55.8    10.9%
    2048   4096 bf16  smem  native    32    4     2048    128    0.2192     153.1    29.8%
    2048   4096 bf16  smem  native    32   16     2048    512    0.1713     195.8    38.2%
    8192   4096 f16   smem  native    32    1     8192     32    1.6576      81.0    15.8%
    8192   4096 f16   smem  native    32    4     8192    128    0.5903     227.4    44.3%
    8192   4096 f16   smem  native    32   16     8192    512    0.5932     226.3    44.1%
    8192   4096 f16   smem  native    32    1     8192     32    1.6571      81.0    15.8%
    8192   4096 f16   smem  native    32    4     8192    128    0.5902     227.4    44.4%
    8192   4096 f16   smem  native    32   16     8192    512    0.5931     226.3    44.1%
    8192   4096 f16   smem  native    32    1     8192     32    1.6583      80.9    15.8%
    8192   4096 f16   smem  native    32    4     8192    128    0.5904     227.3    44.3%
    8192   4096 f16   smem  native    32   16     8192    512    0.5929     226.4    44.2%
    8192   4096 bf16  smem  native    32    1     8192     32    1.8472      72.7    14.2%
    8192   4096 bf16  smem  native    32    4     8192    128    0.6202     216.4    42.2%
    8192   4096 bf16  smem  native    32   16     8192    512    0.5445     246.5    48.1%
    8192   4096 bf16  smem  native    32    1     8192     32    1.8474      72.7    14.2%
    8192   4096 bf16  smem  native    32    4     8192    128    0.6204     216.3    42.2%
    8192   4096 bf16  smem  native    32   16     8192    512    0.5444     246.5    48.1%
    8192   4096 bf16  smem  native    32    1     8192     32    1.8467      72.7    14.2%
    8192   4096 bf16  smem  native    32    4     8192    128    0.6205     216.3    42.2%
    8192   4096 bf16  smem  native    32   16     8192    512    0.5444     246.5    48.1%
   32768   4096 f16   smem  native    32    1    32768     32    6.4102      83.8    16.3%
   32768   4096 f16   smem  native    32    4    32768    128    2.2047     243.5    47.5%
   32768   4096 f16   smem  native    32   16    32768    512    2.2593     237.6    46.3%
   32768   4096 f16   smem  native    32    1    32768     32    6.4107      83.7    16.3%
   32768   4096 f16   smem  native    32    4    32768    128    2.2044     243.6    47.5%
   32768   4096 f16   smem  native    32   16    32768    512    2.2600     237.6    46.3%
   32768   4096 f16   smem  native    32    1    32768     32    6.4104      83.8    16.3%
   32768   4096 f16   smem  native    32    4    32768    128    2.2045     243.5    47.5%
   32768   4096 f16   smem  native    32   16    32768    512    2.2594     237.6    46.3%
   32768   4096 bf16  smem  native    32    1    32768     32    7.1578      75.0    14.6%
   32768   4096 bf16  smem  native    32    4    32768    128    2.3022     233.2    45.5%
   32768   4096 bf16  smem  native    32   16    32768    512    2.0463     262.4    51.2%
   32768   4096 bf16  smem  native    32    1    32768     32    7.1563      75.0    14.6%
   32768   4096 bf16  smem  native    32    4    32768    128    2.3021     233.2    45.5%
   32768   4096 bf16  smem  native    32   16    32768    512    2.0467     262.3    51.2%
   32768   4096 bf16  smem  native    32    1    32768     32    7.1569      75.0    14.6%
   32768   4096 bf16  smem  native    32    4    32768    128    2.3025     233.2    45.5%
   32768   4096 bf16  smem  native    32   16    32768    512    2.0463     262.4    51.2%
  131072   4096 f16   smem  native    32    1   131072     32   25.5086      84.2    16.4%
  131072   4096 f16   smem  native    32    4   131072    128    8.6445     248.4    48.4%
  131072   4096 f16   smem  native    32   16   131072    512    8.9267     240.6    46.9%
  131072   4096 f16   smem  native    32    1   131072     32   25.5091      84.2    16.4%
  131072   4096 f16   smem  native    32    4   131072    128    8.6437     248.4    48.5%
  131072   4096 f16   smem  native    32   16   131072    512    8.9270     240.6    46.9%
  131072   4096 f16   smem  native    32    1   131072     32   25.5069      84.2    16.4%
  131072   4096 f16   smem  native    32    4   131072    128    8.6442     248.4    48.4%
  131072   4096 f16   smem  native    32   16   131072    512    8.9221     240.7    46.9%
  131072   4096 bf16  smem  native    32    1   131072     32   28.4151      75.6    14.7%
  131072   4096 bf16  smem  native    32    4   131072    128    9.0109     238.3    46.5%
  131072   4096 bf16  smem  native    32   16   131072    512    8.0481     266.8    52.0%
  131072   4096 bf16  smem  native    32    1   131072     32   28.4110      75.6    14.7%
  131072   4096 bf16  smem  native    32    4   131072    128    9.0109     238.3    46.5%
  131072   4096 bf16  smem  native    32   16   131072    512    8.0520     266.7    52.0%
  131072   4096 bf16  smem  native    32    1   131072     32   28.4278      75.5    14.7%
  131072   4096 bf16  smem  native    32    4   131072    128    9.0157     238.2    46.5%
  131072   4096 bf16  smem  native    32   16   131072    512    8.0520     266.7    52.0%
    2048   8192 f16   smem  native    32    1     2048     32    1.9154      35.0     6.8%
    2048   8192 f16   smem  native    32    4     2048    128    0.5987     112.1    21.9%
    2048   8192 f16   smem  native    32   16     2048    512    0.3316     202.4    39.5%
    2048   8192 f16   smem  native    32    1     2048     32    1.9189      35.0     6.8%
    2048   8192 f16   smem  native    32    4     2048    128    0.5969     112.4    21.9%
    2048   8192 f16   smem  native    32   16     2048    512    0.3317     202.3    39.5%
    2048   8192 f16   smem  native    32    1     2048     32    1.9127      35.1     6.8%
    2048   8192 f16   smem  native    32    4     2048    128    0.5988     112.1    21.9%
    2048   8192 f16   smem  native    32   16     2048    512    0.3316     202.3    39.5%
    2048   8192 bf16  smem  native    32    1     2048     32    2.2229      30.2     5.9%
    2048   8192 bf16  smem  native    32    4     2048    128    0.6635     101.1    19.7%
    2048   8192 bf16  smem  native    32   16     2048    512    0.3122     215.0    41.9%
    2048   8192 bf16  smem  native    32    1     2048     32    2.2074      30.4     5.9%
    2048   8192 bf16  smem  native    32    4     2048    128    0.6625     101.3    19.8%
    2048   8192 bf16  smem  native    32   16     2048    512    0.3123     214.9    41.9%
    2048   8192 bf16  smem  native    32    1     2048     32    2.2227      30.2     5.9%
    2048   8192 bf16  smem  native    32    4     2048    128    0.6634     101.2    19.7%
    2048   8192 bf16  smem  native    32   16     2048    512    0.3123     214.9    41.9%
    8192   8192 f16   smem  native    32    1     8192     32    6.6274      40.5     7.9%
    8192   8192 f16   smem  native    32    4     8192    128    2.0019     134.1    26.2%
    8192   8192 f16   smem  native    32   16     8192    512    1.1990     223.9    43.7%
    8192   8192 f16   smem  native    32    1     8192     32    6.6339      40.5     7.9%
    8192   8192 f16   smem  native    32    4     8192    128    2.0020     134.1    26.1%
    8192   8192 f16   smem  native    32   16     8192    512    1.1991     223.9    43.7%
    8192   8192 f16   smem  native    32    1     8192     32    6.6272      40.5     7.9%
    8192   8192 f16   smem  native    32    4     8192    128    2.0019     134.1    26.1%
    8192   8192 f16   smem  native    32   16     8192    512    1.1990     223.9    43.7%
    8192   8192 bf16  smem  native    32    1     8192     32    7.6407      35.1     6.9%
    8192   8192 bf16  smem  native    32    4     8192    128    2.2117     121.4    23.7%
    8192   8192 bf16  smem  native    32   16     8192    512    1.0880     246.7    48.1%
    8192   8192 bf16  smem  native    32    1     8192     32    7.6409      35.1     6.9%
    8192   8192 bf16  smem  native    32    4     8192    128    2.2116     121.4    23.7%
    8192   8192 bf16  smem  native    32   16     8192    512    1.0881     246.7    48.1%
    8192   8192 bf16  smem  native    32    1     8192     32    7.6414      35.1     6.9%
    8192   8192 bf16  smem  native    32    4     8192    128    2.2115     121.4    23.7%
    8192   8192 bf16  smem  native    32   16     8192    512    1.0881     246.7    48.1%
   32768   8192 f16   smem  native    32    1    32768     32   25.7971      41.6     8.1%
   32768   8192 f16   smem  native    32    4    32768    128    7.7068     139.3    27.2%
   32768   8192 f16   smem  native    32   16    32768    512    4.6671     230.1    44.9%
   32768   8192 f16   smem  native    32    1    32768     32   25.8002      41.6     8.1%
   32768   8192 f16   smem  native    32    4    32768    128    7.7068     139.3    27.2%
   32768   8192 f16   smem  native    32   16    32768    512    4.6676     230.0    44.9%
   32768   8192 f16   smem  native    32    1    32768     32   25.7972      41.6     8.1%
   32768   8192 f16   smem  native    32    4    32768    128    7.7067     139.3    27.2%
   32768   8192 f16   smem  native    32   16    32768    512    4.6678     230.0    44.9%
   32768   8192 bf16  smem  native    32    1    32768     32   29.6606      36.2     7.1%
   32768   8192 bf16  smem  native    32    4    32768    128    8.5042     126.3    24.6%
   32768   8192 bf16  smem  native    32   16    32768    512    4.1870     256.4    50.0%
   32768   8192 bf16  smem  native    32    1    32768     32   29.6571      36.2     7.1%
   32768   8192 bf16  smem  native    32    4    32768    128    8.5036     126.3    24.6%
   32768   8192 bf16  smem  native    32   16    32768    512    4.1869     256.5    50.0%
   32768   8192 bf16  smem  native    32    1    32768     32   29.6678      36.2     7.1%
   32768   8192 bf16  smem  native    32    4    32768    128    8.5042     126.3    24.6%
   32768   8192 bf16  smem  native    32   16    32768    512    4.1869     256.5    50.0%
  131072   8192 f16   smem  native    32    1   131072     32  102.4166      41.9     8.2%
  131072   8192 f16   smem  native    32    4   131072    128   30.4878     140.9    27.5%
  131072   8192 f16   smem  native    32   16   131072    512   18.5384     231.7    45.2%
  131072   8192 f16   smem  native    32    1   131072     32  102.4242      41.9     8.2%
  131072   8192 f16   smem  native    32    4   131072    128   30.4865     140.9    27.5%
  131072   8192 f16   smem  native    32   16   131072    512   18.5382     231.7    45.2%
  131072   8192 f16   smem  native    32    1   131072     32  102.4250      41.9     8.2%
  131072   8192 f16   smem  native    32    4   131072    128   30.4847     140.9    27.5%
  131072   8192 f16   smem  native    32   16   131072    512   18.5378     231.7    45.2%
  131072   8192 bf16  smem  native    32    1   131072     32  117.7515      36.5     7.1%
  131072   8192 bf16  smem  native    32    4   131072    128   33.6074     127.8    24.9%
  131072   8192 bf16  smem  native    32   16   131072    512   16.5821     259.0    50.5%
  131072   8192 bf16  smem  native    32    1   131072     32  117.7461      36.5     7.1%
  131072   8192 bf16  smem  native    32    4   131072    128   33.6061     127.8    24.9%
  131072   8192 bf16  smem  native    32   16   131072    512   16.5823     259.0    50.5%
  131072   8192 bf16  smem  native    32    1   131072     32  117.7397      36.5     7.1%
  131072   8192 bf16  smem  native    32    4   131072    128   33.6063     127.8    24.9%
  131072   8192 bf16  smem  native    32   16   131072    512   16.5825     259.0    50.5%
    2048  16384 f16   smem  native    32    1     2048     32    7.4963      17.9     3.5%
    2048  16384 f16   smem  native    32    4     2048    128    2.1911      61.3    11.9%
    2048  16384 f16   smem  native    32   16     2048    512    0.7539     178.0    34.7%
    2048  16384 f16   smem  native    32    1     2048     32    7.4965      17.9     3.5%
    2048  16384 f16   smem  native    32    4     2048    128    2.1912      61.3    11.9%
    2048  16384 f16   smem  native    32   16     2048    512    0.7540     178.0    34.7%
    2048  16384 f16   smem  native    32    1     2048     32    7.4969      17.9     3.5%
    2048  16384 f16   smem  native    32    4     2048    128    2.1909      61.3    11.9%
    2048  16384 f16   smem  native    32   16     2048    512    0.7543     177.9    34.7%
    2048  16384 bf16  smem  native    32    1     2048     32    9.8013      13.7     2.7%
    2048  16384 bf16  smem  native    32    4     2048    128    2.3732      56.6    11.0%
    2048  16384 bf16  smem  native    32   16     2048    512    0.7774     172.7    33.7%
    2048  16384 bf16  smem  native    32    1     2048     32    9.8095      13.7     2.7%
    2048  16384 bf16  smem  native    32    4     2048    128    2.3732      56.6    11.0%
    2048  16384 bf16  smem  native    32   16     2048    512    0.7771     172.7    33.7%
    2048  16384 bf16  smem  native    32    1     2048     32    9.7928      13.7     2.7%
    2048  16384 bf16  smem  native    32    4     2048    128    2.3732      56.6    11.0%
    2048  16384 bf16  smem  native    32   16     2048    512    0.7775     172.6    33.7%
    8192  16384 f16   smem  native    32    1     8192     32   28.0161      19.2     3.7%
    8192  16384 f16   smem  native    32    4     8192    128    8.1200      66.1    12.9%
    8192  16384 f16   smem  native    32   16     8192    512    2.8399     189.0    36.9%
    8192  16384 f16   smem  native    32    1     8192     32   28.0226      19.2     3.7%
    8192  16384 f16   smem  native    32    4     8192    128    8.1222      66.1    12.9%
    8192  16384 f16   smem  native    32   16     8192    512    2.8389     189.1    36.9%
    8192  16384 f16   smem  native    32    1     8192     32   28.0156      19.2     3.7%
    8192  16384 f16   smem  native    32    4     8192    128    8.1196      66.1    12.9%
    8192  16384 f16   smem  native    32   16     8192    512    2.8395     189.1    36.9%
    8192  16384 bf16  smem  native    32    1     8192     32   37.8266      14.2     2.8%
    8192  16384 bf16  smem  native    32    4     8192    128    8.7923      61.1    11.9%
    8192  16384 bf16  smem  native    32   16     8192    512    2.9093     184.5    36.0%
    8192  16384 bf16  smem  native    32    1     8192     32   37.8529      14.2     2.8%
    8192  16384 bf16  smem  native    32    4     8192    128    8.7921      61.1    11.9%
    8192  16384 bf16  smem  native    32   16     8192    512    2.9088     184.6    36.0%
    8192  16384 bf16  smem  native    32    1     8192     32   37.8441      14.2     2.8%
    8192  16384 bf16  smem  native    32    4     8192    128    8.7902      61.1    11.9%
    8192  16384 bf16  smem  native    32   16     8192    512    2.9086     184.6    36.0%
   32768  16384 f16   smem  native    32    1    32768     32  109.7940      19.6     3.8%
   32768  16384 f16   smem  native    32    4    32768    128   31.7490      67.6    13.2%
   32768  16384 f16   smem  native    32   16    32768    512   11.1653     192.3    37.5%
   32768  16384 f16   smem  native    32    1    32768     32  109.7894      19.6     3.8%
   32768  16384 f16   smem  native    32    4    32768    128   31.7491      67.6    13.2%
   32768  16384 f16   smem  native    32   16    32768    512   11.1637     192.4    37.5%
   32768  16384 f16   smem  native    32    1    32768     32  109.7872      19.6     3.8%
   32768  16384 f16   smem  native    32    4    32768    128   31.7493      67.6    13.2%
   32768  16384 f16   smem  native    32   16    32768    512   11.1655     192.3    37.5%
   32768  16384 bf16  smem  native    32    1    32768     32  149.5856      14.4     2.8%
   32768  16384 bf16  smem  native    32    4    32768    128   34.3661      62.5    12.2%
   32768  16384 bf16  smem  native    32   16    32768    512   11.4261     187.9    36.7%
   32768  16384 bf16  smem  native    32    1    32768     32  149.5820      14.4     2.8%
   32768  16384 bf16  smem  native    32    4    32768    128   34.3660      62.5    12.2%
   32768  16384 bf16  smem  native    32   16    32768    512   11.4256     188.0    36.7%
   32768  16384 bf16  smem  native    32    1    32768     32  149.6578      14.3     2.8%
   32768  16384 bf16  smem  native    32    4    32768    128   34.3650      62.5    12.2%
   32768  16384 bf16  smem  native    32   16    32768    512   11.4226     188.0    36.7%
wrote data/musa/kernels_smem.csv
